tier,seq_id,n_stems,R_fraction,R,n_selected,collapse_rate,model_energy,optimizer_gap_model,e_vienna,total_gap,feasible_raw,was_repaired,n_removed
A,A_hp01,7,0.1,1.0,1,0.6666666666666666,-3.1000000000000005,0.0,-3.1,0.0,True,False,0
A,A_hp01,7,0.2,1.4000000000000001,1,0.9166666666666666,-3.1000000000000005,0.0,-3.1,0.0,True,False,0
A,A_hp01,7,0.3,2.1,1,1.0,-3.1000000000000005,0.0,-3.1,0.0,True,False,0
A,A_hp01,7,0.5,3.5,1,1.0,-3.1000000000000005,0.0,-3.1,0.0,True,False,0
A,A_hp01,7,0.75,5.25,1,1.0,-3.1000000000000005,0.0,-3.1,0.0,True,False,0
A,A_hp01,7,1.0,7.0,1,1.0,-3.1000000000000005,0.0,-3.1,0.0,True,False,0
A,A_hp02,8,0.1,1.0,1,0.4166666666666667,-1.7000000000000002,0.0,-1.7,0.0,True,False,0
A,A_hp02,8,0.2,1.6,1,0.9166666666666666,-1.7000000000000002,0.0,-1.7,0.0,True,False,0
A,A_hp02,8,0.3,2.4,1,1.0,-1.7000000000000002,0.0,-1.7,0.0,True,False,0
A,A_hp02,8,0.5,4.0,1,1.0,-1.7000000000000002,0.0,-1.7,0.0,True,False,0
A,A_hp02,8,0.75,6.0,1,1.0,-1.7000000000000002,0.0,-1.7,0.0,True,False,0
A,A_hp02,8,1.0,8.0,1,1.0,-1.7000000000000002,0.0,-1.7,0.0,True,False,0
A,A_hp03,23,0.1,2.3000000000000003,1,1.0,-0.10000000000000053,0.0,-0.1,0.0,True,False,0
A,A_hp03,23,0.2,4.6000000000000005,1,1.0,-0.10000000000000053,0.0,-0.1,0.0,True,False,0
A,A_hp03,23,0.3,6.8999999999999995,1,1.0,-0.10000000000000053,0.0,-0.1,0.0,True,False,0
A,A_hp03,23,0.5,11.5,1,1.0,-0.10000000000000053,0.0,-0.1,0.0,True,False,0
A,A_hp03,23,0.75,17.25,1,1.0,-0.10000000000000053,0.0,-0.1,0.0,True,False,0
A,A_hp03,23,1.0,23.0,1,1.0,-0.10000000000000053,0.0,-0.1,0.0,True,False,0
A,A_hp04,14,0.1,1.4000000000000001,1,0.75,-1.9000000000000012,4.0,-1.9,4.0,True,False,0
A,A_hp04,14,0.2,2.8000000000000003,1,1.0,-5.9,0.0,-5.9,0.0,True,False,0
A,A_hp04,14,0.3,4.2,1,1.0,-5.9,0.0,-5.9,0.0,True,False,0
A,A_hp04,14,0.5,7.0,1,1.0,-5.9,0.0,-5.9,0.0,True,False,0
A,A_hp04,14,0.75,10.5,1,1.0,-5.9,0.0,-5.9,0.0,True,False,0
A,A_hp04,14,1.0,14.0,1,1.0,-5.9,0.0,-5.9,0.0,True,False,0
A,A_hp05,24,0.1,2.4000000000000004,1,1.0,-1.6000000000000005,0.7,-1.6,0.7,True,False,0
A,A_hp05,24,0.2,4.800000000000001,1,1.0,-1.6000000000000005,0.7,-1.6,0.7,True,False,0
A,A_hp05,24,0.3,7.199999999999999,1,1.0,-1.6000000000000005,0.7,-1.6,0.7,True,False,0
A,A_hp05,24,0.5,12.0,1,1.0,1.7000000000000002,4.0,1.7,4.0,True,False,0
A,A_hp05,24,0.75,18.0,1,1.0,1.7000000000000002,4.0,1.7,4.0,True,False,0
A,A_hp05,24,1.0,24.0,1,1.0,1.7999999999999998,4.1,1.8,4.1,True,False,0
A,A_hp06,11,0.1,1.1,1,0.5833333333333334,-6.599999999999999,0.0,-6.6,0.0,True,False,0
A,A_hp06,11,0.2,2.2,1,1.0,-6.599999999999999,0.0,-6.6,0.0,True,False,0
A,A_hp06,11,0.3,3.3,1,1.0,-6.599999999999999,0.0,-6.6,0.0,True,False,0
A,A_hp06,11,0.5,5.5,1,1.0,-6.599999999999999,0.0,-6.6,0.0,True,False,0
A,A_hp06,11,0.75,8.25,1,1.0,-6.599999999999999,0.0,-6.6,0.0,True,False,0
A,A_hp06,11,1.0,11.0,1,1.0,-6.599999999999999,0.0,-6.6,0.0,True,False,0
A,A_hp07,22,0.1,2.2,1,1.0,-9.000000000000002,0.0,-9.0,0.0,True,False,0
A,A_hp07,22,0.2,4.4,1,1.0,-6.1,2.9,-6.1,2.9,True,False,0
A,A_hp07,22,0.3,6.6,1,1.0,-6.1,2.9,-6.1,2.9,True,False,0
A,A_hp07,22,0.5,11.0,1,1.0,-6.1,2.9,-6.1,2.9,True,False,0
A,A_hp07,22,0.75,16.5,1,1.0,-2.5999999999999996,6.4,-2.6,6.4,True,False,0
A,A_hp07,22,1.0,22.0,1,1.0,-1.0999999999999996,7.9,-1.1,7.9,True,False,0
A,A_hp08,28,0.1,2.8000000000000003,1,1.0,-5.3,2.6,-5.3,2.6,True,False,0
A,A_hp08,28,0.2,5.6000000000000005,1,1.0,-3.3999999999999986,4.5,-3.4,4.5,True,False,0
A,A_hp08,28,0.3,8.4,1,1.0,-2.700000000000001,5.2,-2.7,5.2,True,False,0
A,A_hp08,28,0.5,14.0,1,1.0,-2.700000000000001,5.2,-2.7,5.2,True,False,0
A,A_hp08,28,0.75,21.0,1,1.0,0.2999999999999998,8.2,0.3,8.2,True,False,0
A,A_hp08,28,1.0,28.0,1,1.0,1.3999999999999995,9.3,1.4,9.3,True,False,0
A,A_rand01,3,0.1,1.0,1,0.6666666666666666,-0.5,0.0,-0.5,0.0,True,False,0
A,A_rand01,3,0.2,1.0,1,0.6666666666666666,-0.5,0.0,-0.5,0.0,True,False,0
A,A_rand01,3,0.3,1.0,1,0.6666666666666666,-0.5,0.0,-0.5,0.0,True,False,0
A,A_rand01,3,0.5,1.5,1,1.0,-0.5,0.0,-0.5,0.0,True,False,0
A,A_rand01,3,0.75,2.25,1,1.0,-0.5,0.0,-0.5,0.0,True,False,0
A,A_rand01,3,1.0,3.0,1,1.0,-0.5,0.0,-0.5,0.0,True,False,0
A,A_rand02,1,0.1,1.0,1,0.9166666666666666,-0.29999999999999893,0.0,-0.3,0.0,True,False,0
A,A_rand02,1,0.2,1.0,1,0.9166666666666666,-0.29999999999999893,0.0,-0.3,0.0,True,False,0
A,A_rand02,1,0.3,1.0,1,0.9166666666666666,-0.29999999999999893,0.0,-0.3,0.0,True,False,0
A,A_rand02,1,0.5,1.0,1,0.9166666666666666,-0.29999999999999893,0.0,-0.3,0.0,True,False,0
A,A_rand02,1,0.75,1.0,1,0.9166666666666666,-0.29999999999999893,0.0,-0.3,0.0,True,False,0
A,A_rand02,1,1.0,1.0,1,0.9166666666666666,-0.29999999999999893,0.0,-0.3,0.0,True,False,0
A,A_rand03,3,0.1,1.0,1,0.75,-2.5999999999999996,0.0,-2.6,0.0,True,False,0
A,A_rand03,3,0.2,1.0,1,0.75,-2.5999999999999996,0.0,-2.6,0.0,True,False,0
A,A_rand03,3,0.3,1.0,1,0.75,-2.5999999999999996,0.0,-2.6,0.0,True,False,0
A,A_rand03,3,0.5,1.5,1,1.0,-2.5999999999999996,0.0,-2.6,0.0,True,False,0
A,A_rand03,3,0.75,2.25,1,1.0,-2.5999999999999996,0.0,-2.6,0.0,True,False,0
A,A_rand03,3,1.0,3.0,1,1.0,-2.5999999999999996,0.0,-2.6,0.0,True,False,0
A,A_rand04,3,0.1,1.0,1,0.8333333333333334,-3.599999999999999,0.0,-3.6,1.0,True,False,0
A,A_rand04,3,0.2,1.0,1,0.8333333333333334,-3.599999999999999,0.0,-3.6,1.0,True,False,0
A,A_rand04,3,0.3,1.0,1,0.8333333333333334,-3.599999999999999,0.0,-3.6,1.0,True,False,0
A,A_rand04,3,0.5,1.5,1,1.0,-3.599999999999999,0.0,-3.6,1.0,True,False,0
A,A_rand04,3,0.75,2.25,1,1.0,-3.599999999999999,0.0,-3.6,1.0,True,False,0
A,A_rand04,3,1.0,3.0,1,1.0,-3.599999999999999,0.0,-3.6,1.0,True,False,0
A,A_rand05,12,0.1,1.2000000000000002,1,0.5,-0.40000000000000036,0.0,-0.4,0.0,True,False,0
A,A_rand05,12,0.2,2.4000000000000004,1,1.0,-0.40000000000000036,0.0,-0.4,0.0,True,False,0
A,A_rand05,12,0.3,3.5999999999999996,1,1.0,-0.40000000000000036,0.0,-0.4,0.0,True,False,0
A,A_rand05,12,0.5,6.0,1,1.0,-0.40000000000000036,0.0,-0.4,0.0,True,False,0
A,A_rand05,12,0.75,9.0,1,1.0,-0.40000000000000036,0.0,-0.4,0.0,True,False,0
A,A_rand05,12,1.0,12.0,1,1.0,-0.40000000000000036,0.0,-0.4,0.0,True,False,0
A,A_rand06,7,0.1,1.0,1,0.6666666666666666,-4.8,0.0,-4.8,0.0,True,False,0
A,A_rand06,7,0.2,1.4000000000000001,1,1.0,-4.8,0.0,-4.8,0.0,True,False,0
A,A_rand06,7,0.3,2.1,1,1.0,-4.8,0.0,-4.8,0.0,True,False,0
A,A_rand06,7,0.5,3.5,1,1.0,-4.8,0.0,-4.8,0.0,True,False,0
A,A_rand06,7,0.75,5.25,1,1.0,-4.8,0.0,-4.8,0.0,True,False,0
A,A_rand06,7,1.0,7.0,1,1.0,-4.8,0.0,-4.8,0.0,True,False,0
A,A_rand07,9,0.1,1.0,1,0.6666666666666666,-5.1,0.0,-5.1,0.0,True,False,0
A,A_rand07,9,0.2,1.8,1,1.0,-5.1,0.0,-5.1,0.0,True,False,0
A,A_rand07,9,0.3,2.6999999999999997,1,1.0,-5.1,0.0,-5.1,0.0,True,False,0
A,A_rand07,9,0.5,4.5,1,1.0,-5.1,0.0,-5.1,0.0,True,False,0
A,A_rand07,9,0.75,6.75,1,1.0,-5.1,0.0,-5.1,0.0,True,False,0
A,A_rand07,9,1.0,9.0,1,1.0,-5.1,0.0,-5.1,0.0,True,False,0
A,A_rand08,5,0.1,1.0,1,0.5,-1.5999999999999996,0.0,-1.6,0.0,True,False,0
A,A_rand08,5,0.2,1.0,1,0.5,-1.5999999999999996,0.0,-1.6,0.0,True,False,0
A,A_rand08,5,0.3,1.5,1,0.9166666666666666,-1.5999999999999996,0.0,-1.6,0.0,True,False,0
A,A_rand08,5,0.5,2.5,1,1.0,-1.5999999999999996,0.0,-1.6,0.0,True,False,0
A,A_rand08,5,0.75,3.75,1,1.0,-1.5999999999999996,0.0,-1.6,0.0,True,False,0
A,A_rand08,5,1.0,5.0,1,1.0,-1.5999999999999996,0.0,-1.6,0.0,True,False,0
A,A_rand09,14,0.1,1.4000000000000001,1,0.75,-2.2,2.2,-2.2,2.2,True,False,0
A,A_rand09,14,0.2,2.8000000000000003,1,1.0,-2.2,2.2,-2.2,2.2,True,False,0
A,A_rand09,14,0.3,4.2,1,1.0,-2.2,2.2,-2.2,2.2,True,False,0
A,A_rand09,14,0.5,7.0,1,1.0,-2.2,2.2,-2.2,2.2,True,False,0
A,A_rand09,14,0.75,10.5,1,1.0,-2.2,2.2,-2.2,2.2,True,False,0
A,A_rand09,14,1.0,14.0,1,1.0,-2.2,2.2,-2.2,2.2,True,False,0
A,A_rand10,7,0.1,1.0,0,0.3333333333333333,0.0,0.0,0.0,3.4,True,False,0
A,A_rand10,7,0.2,1.4000000000000001,0,0.8333333333333334,0.0,0.0,0.0,3.4,True,False,0
A,A_rand10,7,0.3,2.1,1,1.0,0.5,0.5,0.5,3.9,True,False,0
A,A_rand10,7,0.5,3.5,1,1.0,0.5,0.5,0.5,3.9,True,False,0
A,A_rand10,7,0.75,5.25,1,1.0,0.5,0.5,0.5,3.9,True,False,0
A,A_rand10,7,1.0,7.0,1,1.0,0.5,0.5,0.5,3.9,True,False,0
A,A_rand11,9,0.1,1.0,1,0.6666666666666666,-2.5,0.0,-2.5,0.0,True,False,0
A,A_rand11,9,0.2,1.8,1,1.0,-2.5,0.0,-2.5,0.0,True,False,0
A,A_rand11,9,0.3,2.6999999999999997,1,1.0,-2.5,0.0,-2.5,0.0,True,False,0
A,A_rand11,9,0.5,4.5,1,1.0,-2.5,0.0,-2.5,0.0,True,False,0
A,A_rand11,9,0.75,6.75,1,1.0,-2.5,0.0,-2.5,0.0,True,False,0
A,A_rand11,9,1.0,9.0,1,1.0,-2.5,0.0,-2.5,0.0,True,False,0
A,A_rand12,1,0.1,1.0,1,0.9166666666666666,-2.7999999999999994,0.0,-2.8,0.0,True,False,0
A,A_rand12,1,0.2,1.0,1,0.9166666666666666,-2.7999999999999994,0.0,-2.8,0.0,True,False,0
A,A_rand12,1,0.3,1.0,1,0.9166666666666666,-2.7999999999999994,0.0,-2.8,0.0,True,False,0
A,A_rand12,1,0.5,1.0,1,0.9166666666666666,-2.7999999999999994,0.0,-2.8,0.0,True,False,0
A,A_rand12,1,0.75,1.0,1,0.9166666666666666,-2.7999999999999994,0.0,-2.8,0.0,True,False,0
A,A_rand12,1,1.0,1.0,1,0.9166666666666666,-2.7999999999999994,0.0,-2.8,0.0,True,False,0
M,M_ml02,17,0.1,1.7000000000000002,1,1.0,-5.6,4.8,-5.6,4.8,True,False,0
M,M_ml02,17,0.2,3.4000000000000004,1,1.0,-5.6,4.8,-5.6,4.8,True,False,0
M,M_ml02,17,0.3,5.1,1,1.0,-5.6,4.8,-5.6,4.8,True,False,0
M,M_ml02,17,0.5,8.5,1,1.0,-5.6,4.8,-5.6,4.8,True,False,0
M,M_ml02,17,0.75,12.75,1,1.0,-5.6,4.8,-5.6,4.8,True,False,0
M,M_ml02,17,1.0,17.0,1,1.0,-5.6,4.8,-5.6,4.8,True,False,0
M,M_ml04,34,0.1,3.4000000000000004,1,1.0,-4.5,7.9,-4.5,7.9,True,False,0
M,M_ml04,34,0.2,6.800000000000001,1,1.0,-4.5,7.9,-4.5,7.9,True,False,0
M,M_ml04,34,0.3,10.2,1,1.0,-4.5,7.9,-4.5,7.9,True,False,0
M,M_ml04,34,0.5,17.0,1,1.0,-4.5,7.9,-4.5,7.9,True,False,0
M,M_ml04,34,0.75,25.5,1,1.0,-4.5,7.9,-4.5,7.9,True,False,0
M,M_ml04,34,1.0,34.0,1,1.0,-4.5,7.9,-4.5,7.9,True,False,0
M,M_ml05,34,0.1,3.4000000000000004,1,1.0,-8.3,5.7,-8.3,5.7,True,False,0
M,M_ml05,34,0.2,6.800000000000001,1,1.0,-8.3,5.7,-8.3,5.7,True,False,0
M,M_ml05,34,0.3,10.2,1,1.0,-8.3,5.7,-8.3,5.7,True,False,0
M,M_ml05,34,0.5,17.0,1,1.0,-5.0,9.0,-5.0,9.0,True,False,0
M,M_ml05,34,0.75,25.5,1,1.0,-5.0,9.0,-5.0,9.0,True,False,0
M,M_ml05,34,1.0,34.0,1,1.0,-5.0,9.0,-5.0,9.0,True,False,0
M,M_ml06,30,0.1,3.0,1,1.0,-5.670000000000001,13.63,-5.67,13.63,True,False,0
M,M_ml06,30,0.2,6.0,1,1.0,-5.670000000000001,13.63,-5.67,13.63,True,False,0
M,M_ml06,30,0.3,9.0,1,1.0,-5.670000000000001,13.63,-5.67,13.63,True,False,0
M,M_ml06,30,0.5,15.0,1,1.0,-5.670000000000001,13.63,-5.67,13.63,True,False,0
M,M_ml06,30,0.75,22.5,1,1.0,-5.670000000000001,13.63,-5.67,13.63,True,False,0
M,M_ml06,30,1.0,30.0,1,1.0,-5.670000000000001,13.63,-5.67,13.63,True,False,0
M,M_ml08,22,0.1,2.2,1,1.0,-3.3,7.6,-3.3,11.0,True,False,0
M,M_ml08,22,0.2,4.4,1,1.0,-3.3,7.6,-3.3,11.0,True,False,0
M,M_ml08,22,0.3,6.6,1,1.0,-3.3,7.6,-3.3,11.0,True,False,0
M,M_ml08,22,0.5,11.0,1,1.0,-3.3,7.6,-3.3,11.0,True,False,0
M,M_ml08,22,0.75,16.5,1,1.0,-3.3,7.6,-3.3,11.0,True,False,0
M,M_ml08,22,1.0,22.0,1,1.0,-3.3,7.6,-3.3,11.0,True,False,0
M,M_ml09,32,0.1,3.2,1,1.0,-4.6,11.8,-4.6,12.8,True,False,0
M,M_ml09,32,0.2,6.4,1,1.0,-4.6,11.8,-4.6,12.8,True,False,0
M,M_ml09,32,0.3,9.6,1,1.0,-4.6,11.8,-4.6,12.8,True,False,0
M,M_ml09,32,0.5,16.0,1,1.0,-2.7999999999999994,13.6,-2.8,14.6,True,False,0
M,M_ml09,32,0.75,24.0,1,1.0,-3.3000000000000007,13.1,-3.3,14.1,True,False,0
M,M_ml09,32,1.0,32.0,1,1.0,-3.3000000000000007,13.1,-3.3,14.1,True,False,0
