seq_id,tier,length,n_stems,level,solver,e_vienna_mfe,e_model_optimum,e_solver,encoding_gap,optimizer_gap,total_gap,sensitivity,ppv,f1,bp_distance,exact_match,matches_subopt,feasible_raw,was_repaired,n_removed,reference_representable,model_energy_error,level_exact_for_reference,structure,wall_time,model_level,model_n_vars,model_degree,model_n_obj_linear,model_n_obj_quadratic,model_n_obj_cubic,model_n_penalty_terms,model_lambda_conflict,model_lambda_cross,model_pseudoknot_mode,model_n_stems,model_n_conflict,model_n_crossing,model_n_nesting,res_n_vars,res_states_enumerated,res_function_evaluations,res_n_auxiliary_vars,res_branches,res_conflicts
A_hp01,A,15,7,0,brute_force,-3.1,-3.1,-3.1,0.0,0.0,0.0,1.0,1.0,1.0,0,True,True,True,False,0,True,5.8,True,(((((....))))).,0.00017710000975057483,0,7,2,7,0,0,21,13.35,13.35,False,7,21,0,0,7,128.0,128.0,,,
A_hp01,A,15,7,1,brute_force,-3.1,-3.1,-3.1,0.0,0.0,0.0,1.0,1.0,1.0,0,True,True,True,False,0,True,0.0,True,(((((....))))).,0.00013830000534653664,1,7,2,7,0,0,21,4.65,4.65,False,7,21,0,0,7,128.0,128.0,,,
A_hp02,A,16,8,0,brute_force,-1.7,-1.7,-1.7,0.0,0.0,0.0,1.0,1.0,1.0,0,True,True,True,False,0,True,4.7,True,.(((((.....))))),0.00021359999664127827,0,8,2,8,0,0,28,9.6,9.6,False,8,28,0,0,8,256.0,256.0,,,
A_hp02,A,16,8,1,brute_force,-1.7,-1.7,-1.7,0.0,0.0,0.0,1.0,1.0,1.0,0,True,True,True,False,0,True,0.0,True,.(((((.....))))),0.00018070003716275096,1,8,2,8,0,0,28,2.55,2.55,False,8,28,0,0,8,256.0,256.0,,,
A_hp03,A,17,23,0,cpsat,-0.1,-0.1,-0.1,0.0,0.0,0.0,1.0,1.0,1.0,0,True,True,True,False,0,True,6.0,True,((((((....)))))).,0.07457469997461885,0,23,2,23,0,0,252,9.15,9.15,False,23,249,3,1,23,,,252.0,524.0,0.0
A_hp03,A,17,23,1,cpsat,-0.1,-0.1,-0.1,0.0,0.0,0.0,1.0,1.0,1.0,0,True,True,True,False,0,True,0.0,True,((((((....)))))).,0.03780160000314936,1,23,2,23,1,0,252,12.0,12.0,False,23,249,3,1,23,,,253.0,114.0,0.0
A_hp04,A,18,14,0,brute_force,-5.9,-5.9,-5.9,0.0,0.0,0.0,1.0,1.0,1.0,0,True,True,True,False,0,True,4.1,True,.((((((....)))))).,0.002660099999047816,0,14,2,14,0,0,90,15.0,15.0,False,14,90,0,1,14,16384.0,16384.0,,,
A_hp04,A,18,14,1,brute_force,-5.9,-5.9,-5.9,0.0,0.0,0.0,1.0,1.0,1.0,0,True,True,True,False,0,True,0.0,True,.((((((....)))))).,0.0031245999853126705,1,14,2,14,1,0,90,13.2,13.2,False,14,90,0,1,14,16384.0,16384.0,,,
A_hp05,A,19,24,0,cpsat,-2.3,-2.3,-2.3,0.0,0.0,0.0,1.0,1.0,1.0,0,True,True,True,False,0,True,6.4,True,(((((((...)))))))..,0.038883699977304786,0,24,2,24,0,0,270,13.05,13.05,False,24,270,0,6,24,,,270.0,86.0,0.0
A_hp05,A,19,24,1,cpsat,-2.3,-2.3,-2.3,0.0,0.0,0.0,1.0,1.0,1.0,0,True,True,True,False,0,True,0.0,True,(((((((...)))))))..,0.03404570004204288,1,24,2,24,6,0,270,31.65,31.65,False,24,270,0,6,24,,,276.0,176.0,0.0
A_hp06,A,20,11,0,brute_force,-6.6,-6.6,-6.6,0.0,0.0,0.0,1.0,1.0,1.0,0,True,True,True,False,0,True,4.3,True,.((((((......)))))).,0.0004910000134259462,0,11,2,11,0,0,54,16.35,16.35,False,11,54,0,1,11,2048.0,2048.0,,,
A_hp06,A,20,11,1,brute_force,-6.6,-6.6,-6.6,0.0,0.0,0.0,1.0,1.0,1.0,0,True,True,True,False,0,True,0.0,True,.((((((......)))))).,0.0003996000159531832,1,11,2,11,1,0,54,12.75,12.75,False,11,54,0,1,11,2048.0,2048.0,,,
A_hp07,A,21,22,0,cpsat,-9.0,-9.0,-9.0,0.0,0.0,0.0,1.0,1.0,1.0,0,True,True,True,False,0,True,5.6,True,((((((((....)))))))).,0.04702479997649789,0,22,2,22,0,0,216,21.9,21.9,False,22,213,3,15,22,,,216.0,390.0,0.0
A_hp07,A,21,22,1,cpsat,-9.0,-9.0,-9.0,0.0,0.0,0.0,1.0,1.0,1.0,0,True,True,True,False,0,True,0.0,True,((((((((....)))))))).,0.031767799984663725,1,22,2,22,15,0,216,64.8,64.8,False,22,213,3,15,22,,,231.0,522.0,0.0
A_hp08,A,22,28,0,cpsat,-7.9,-7.9,-7.9,0.0,0.0,0.0,1.0,1.0,1.0,0,True,True,True,False,0,True,5.2,True,.((((((((.....)))))))),0.050941099994815886,0,28,2,28,0,0,362,19.65,19.65,False,28,355,7,16,28,,,362.0,202.0,0.0
A_hp08,A,22,28,1,cpsat,-7.9,-7.9,-7.9,0.0,0.0,0.0,1.0,1.0,1.0,0,True,True,True,False,0,True,0.0,True,.((((((((.....)))))))),0.043350799998734146,1,28,2,28,16,0,362,69.45,69.45,False,28,355,7,16,28,,,378.0,812.0,0.0
A_rand01,A,15,3,0,brute_force,-0.5,-0.5,-0.5,0.0,0.0,0.0,1.0,1.0,1.0,0,True,True,True,False,0,True,5.9,True,((((...))))....,0.00010050000855699182,0,3,2,3,0,0,3,9.6,9.6,False,3,3,0,0,3,8.0,8.0,,,
A_rand01,A,15,3,1,brute_force,-0.5,-0.5,-0.5,0.0,0.0,0.0,1.0,1.0,1.0,0,True,True,True,False,0,True,0.0,True,((((...))))....,0.00010760000441223383,1,3,2,3,0,0,3,1.0,1.0,False,3,3,0,0,3,8.0,8.0,,,
A_rand02,A,15,1,0,brute_force,-0.3,-0.3,-0.3,0.0,0.0,0.0,1.0,1.0,1.0,0,True,True,True,False,0,True,5.4,True,..(((.....)))..,8.329999400302768e-05,0,1,1,1,0,0,0,8.55,8.55,False,1,0,0,0,1,2.0,2.0,,,
A_rand02,A,15,1,1,brute_force,-0.3,-0.3,-0.3,0.0,0.0,0.0,1.0,1.0,1.0,0,True,True,True,False,0,True,0.0,True,..(((.....)))..,6.290001329034567e-05,1,1,1,1,0,0,0,1.0,1.0,False,1,0,0,0,1,2.0,2.0,,,
A_rand03,A,16,3,0,brute_force,-2.6,-2.6,-2.6,0.0,0.0,0.0,1.0,1.0,1.0,0,True,True,True,False,0,True,4.7,True,.((((.....))))..,8.420000085607171e-05,0,3,2,3,0,0,3,10.95,10.95,False,3,3,0,0,3,8.0,8.0,,,
A_rand03,A,16,3,1,brute_force,-2.6,-2.6,-2.6,0.0,0.0,0.0,1.0,1.0,1.0,0,True,True,True,False,0,True,0.0,True,.((((.....))))..,0.00012279994552955031,1,3,2,2,0,0,3,3.9,3.9,False,3,3,0,0,3,8.0,8.0,,,
A_rand04,A,17,3,0,brute_force,-4.6,-3.6,-3.6,1.0,0.0,1.0,0.0,0.0,0.0,8,False,False,True,False,0,False,,True,..(((........))).,7.319997530430555e-05,0,3,2,3,0,0,3,10.05,10.05,False,3,3,0,0,3,8.0,8.0,,,
A_rand04,A,17,3,1,brute_force,-4.6,-3.6,-3.6,1.0,0.0,1.0,0.0,0.0,0.0,8,False,False,True,False,0,False,,True,..(((........))).,0.00010470004053786397,1,3,2,3,0,0,3,5.4,5.4,False,3,3,0,0,3,8.0,8.0,,,
A_rand05,A,18,12,0,brute_force,-0.4,-0.4,-0.4,0.0,0.0,0.0,1.0,1.0,1.0,0,True,True,True,False,0,True,5.7,True,..(((((.....))))).,0.0008086999878287315,0,12,2,12,0,0,66,9.15,9.15,False,12,65,1,0,12,4096.0,4096.0,,,
A_rand05,A,18,12,1,brute_force,-0.4,-0.4,-0.4,0.0,0.0,0.0,1.0,1.0,1.0,0,True,True,True,False,0,True,0.0,True,..(((((.....))))).,0.0007551999879069626,1,12,2,12,0,0,66,1.0,1.0,False,12,65,1,0,12,4096.0,4096.0,,,
A_rand06,A,19,7,0,brute_force,-4.8,-4.8,-4.8,0.0,0.0,0.0,1.0,1.0,1.0,0,True,True,True,False,0,True,5.2,True,.(((((......)))))..,0.00016559998039156199,0,7,2,7,0,0,21,15.0,15.0,False,7,21,0,0,7,128.0,128.0,,,
A_rand06,A,19,7,1,brute_force,-4.8,-4.8,-4.8,0.0,0.0,0.0,1.0,1.0,1.0,0,True,True,True,False,0,True,0.0,True,.(((((......)))))..,0.00013599998783320189,1,7,2,7,0,0,21,7.2,7.2,False,7,21,0,0,7,128.0,128.0,,,
A_rand07,A,20,9,0,brute_force,-5.1,-5.1,-5.1,0.0,0.0,0.0,1.0,1.0,1.0,0,True,True,True,False,0,True,4.9,True,.....((((.......)))),0.00023599999258294702,0,9,2,9,0,0,36,15.0,15.0,False,9,31,5,0,9,512.0,512.0,,,
A_rand07,A,20,9,1,brute_force,-5.1,-5.1,-5.1,0.0,0.0,0.0,1.0,1.0,1.0,0,True,True,True,False,0,True,0.0,True,.....((((.......)))),0.00020979996770620346,1,9,2,9,0,0,36,7.65,7.65,False,9,31,5,0,9,512.0,512.0,,,
A_rand08,A,21,5,0,brute_force,-1.6,-1.6,-1.6,0.0,0.0,0.0,1.0,1.0,1.0,0,True,True,True,False,0,True,5.4,True,..((((...))))........,0.00011770002311095595,0,5,2,5,0,0,10,10.5,10.5,False,5,9,1,0,5,32.0,32.0,,,
A_rand08,A,21,5,1,brute_force,-1.6,-1.6,-1.6,0.0,0.0,0.0,1.0,1.0,1.0,0,True,True,True,False,0,True,0.0,True,..((((...))))........,0.00012280000373721123,1,5,2,4,0,0,10,2.4,2.4,False,5,9,1,0,5,32.0,32.0,,,
A_rand09,A,22,14,0,brute_force,-4.4,-4.0,-4.0,0.4,0.0,0.4,0.875,0.875,0.875,2,False,True,True,False,0,True,7.3,True,((((.((((.....)))))))),0.002889399998821318,0,14,2,14,0,0,73,11.85,11.85,False,14,72,1,18,14,16384.0,16384.0,,,
A_rand09,A,22,14,1,brute_force,-4.4,-4.4,-4.4,0.0,0.0,0.0,1.0,1.0,1.0,0,True,True,True,False,0,True,0.0,True,(((((.(((.....)))))))),0.003867899999022484,1,14,2,14,18,0,73,38.7,38.7,False,14,72,1,18,14,16384.0,16384.0,,,
A_rand10,A,23,7,0,brute_force,-3.4,0.8,0.8,4.2,0.0,4.2,0.0,0.0,0.0,11,False,False,True,False,0,False,,False,...((((.........))))...,0.00014359998749569058,0,7,2,7,0,0,20,7.8,7.8,False,7,18,2,1,7,128.0,128.0,,,
A_rand10,A,23,7,1,brute_force,-3.4,0.0,0.0,3.4,0.0,3.4,0.0,1.0,0.0,7,False,False,True,False,0,False,,False,.......................,0.00013269996270537376,1,7,2,7,1,0,20,6.6,6.6,False,7,18,2,1,7,128.0,128.0,,,
A_rand11,A,24,9,0,brute_force,-2.5,0.2,0.2,2.7,0.0,2.7,0.75,0.5,0.6,4,False,False,True,False,0,True,5.4,True,..((((((...)))..))).....,0.00021570001263171434,0,9,2,9,0,0,35,11.85,11.85,False,9,34,1,1,9,512.0,512.0,,,
A_rand11,A,24,9,1,brute_force,-2.5,-2.5,-2.5,0.0,0.0,0.0,1.0,1.0,1.0,0,True,True,True,False,0,True,0.0,True,....((((...)))).........,0.0002634000265970826,1,9,2,8,1,0,35,4.05,4.05,False,9,34,1,1,9,512.0,512.0,,,
A_rand12,A,25,1,0,brute_force,-2.8,-2.8,-2.8,0.0,0.0,0.0,1.0,1.0,1.0,0,True,True,True,False,0,True,3.9,True,....(((......))).........,9.310001041740179e-05,0,1,1,1,0,0,0,10.05,10.05,False,1,0,0,0,1,2.0,2.0,,,
A_rand12,A,25,1,1,brute_force,-2.8,-2.8,-2.8,0.0,0.0,0.0,1.0,1.0,1.0,0,True,True,True,False,0,True,0.0,True,....(((......))).........,6.319995736703277e-05,1,1,1,1,0,0,0,4.2,4.2,False,1,0,0,0,1,2.0,2.0,,,
M_ml01,M,34,39,0,cpsat,-12.4,-12.4,-12.4,0.0,0.0,0.0,1.0,1.0,1.0,0,True,True,True,False,0,True,15.3,False,(((((((((....))))((((....))))))))),0.254756800015457,0,39,2,39,0,0,503,18.0,18.0,False,39,472,31,213,39,,,503.0,1008.0,0.0
M_ml01,M,34,39,1,cpsat,-12.4,-12.4,-12.4,0.0,0.0,0.0,1.0,1.0,1.0,0,True,True,True,False,0,True,3.1,False,(((((((((....))))((((....))))))))),0.3877968000015244,1,39,2,38,213,0,503,54.9,54.9,False,39,472,31,213,39,,,716.0,1160.0,0.0
M_ml02,M,35,17,0,brute_force,-10.4,-10.4,-10.4,0.0,0.0,0.0,1.0,1.0,1.0,0,True,True,True,False,0,True,14.7,False,((((.((((....)))).((((....)))).)))),0.0714486000360921,0,17,2,17,0,0,75,13.65,13.65,False,17,68,7,36,17,131072.0,131072.0,,,
M_ml02,M,35,17,1,brute_force,-10.4,-10.4,-10.4,0.0,0.0,0.0,1.0,1.0,1.0,0,True,True,True,False,0,True,1.0,False,((((.((((....)))).((((....)))).)))),0.09360070002730936,1,17,2,16,34,0,75,15.0,15.0,False,17,68,7,36,17,131072.0,131072.0,,,
M_ml03,M,36,41,0,cpsat,-15.4,-15.4,-15.4,0.0,0.0,0.0,1.0,1.0,1.0,0,True,True,True,False,0,True,15.2,False,(((((((((....)))))(((((....))))))))),0.32668729999568313,0,41,2,41,0,0,613,22.35,22.35,False,41,555,58,105,41,,,613.0,824.0,0.0
M_ml03,M,36,41,1,cpsat,-15.4,-15.4,-15.4,0.0,0.0,0.0,1.0,1.0,1.0,0,True,True,True,False,0,True,1.4,False,(((((((((....)))))(((((....))))))))),0.1633163999649696,1,41,2,40,98,0,613,33.6,33.6,False,41,555,58,105,41,,,711.0,1280.0,0.0
M_ml04,M,37,34,0,cpsat,-12.4,-12.4,-12.4,0.0,0.0,0.0,1.0,1.0,1.0,0,True,True,True,False,0,True,15.2,False,(((((.((((....)))).((((....)))).))))),0.15647940000053495,0,34,2,34,0,0,386,16.5,16.5,False,34,357,29,140,34,,,386.0,840.0,0.0
M_ml04,M,37,34,1,cpsat,-12.4,-12.4,-12.4,0.0,0.0,0.0,1.0,1.0,1.0,0,True,True,True,False,0,True,0.8,False,(((((.((((....)))).((((....)))).))))),0.1137421999592334,1,34,2,34,140,0,386,49.4,49.4,False,34,357,29,140,34,,,526.0,1022.0,0.0
M_ml05,M,39,34,0,cpsat,-14.0,-14.0,-14.0,0.0,0.0,0.0,1.0,1.0,1.0,0,True,True,True,False,0,True,15.2,False,((((.(((((....))))).(((((....))))).)))),0.06914340000366792,0,34,2,34,0,0,364,18.6,18.6,False,34,327,37,129,34,,,364.0,436.0,0.0
M_ml05,M,39,34,1,cpsat,-14.0,-14.0,-14.0,0.0,0.0,0.0,1.0,1.0,1.0,0,True,True,True,False,0,True,1.03,False,((((.(((((....))))).(((((....))))).)))),0.08842929999809712,1,34,2,33,123,0,364,56.79,56.79,False,34,327,37,129,34,,,487.0,896.0,0.0
M_ml06,M,41,30,0,cpsat,-19.3,-19.3,-19.3,0.0,0.0,0.0,1.0,1.0,1.0,0,True,True,True,False,0,True,15.3,False,(((((.(((((....))))).(((((....))))).))))),0.06366450001951307,0,30,2,30,0,0,207,18.45,18.45,False,30,202,5,166,30,,,207.0,366.0,0.0
M_ml06,M,41,30,1,cpsat,-19.3,-19.3,-19.3,0.0,0.0,0.0,1.0,1.0,1.0,0,True,True,True,False,0,True,0.83,False,(((((.(((((....))))).(((((....))))).))))),0.04454039997654036,1,30,2,30,162,0,207,54.41,54.41,False,30,202,5,166,30,,,369.0,242.0,0.0
M_ml07,M,44,42,0,cpsat,-18.7,-18.7,-18.7,0.0,0.0,0.0,1.0,1.0,1.0,0,True,True,True,False,0,True,16.3,False,(((((..(((((....)))))..(((((....)))))..))))),0.34970380004961044,0,42,2,42,0,0,483,18.75,18.75,False,42,421,62,187,42,,,483.0,604.0,0.0
M_ml07,M,44,42,1,cpsat,-18.7,-18.7,-18.7,0.0,0.0,0.0,1.0,1.0,1.0,0,True,True,True,False,0,True,0.23,False,(((((..(((((....)))))..(((((....)))))..))))),0.16014609998092055,1,42,2,42,187,0,483,55.14,55.14,False,42,421,62,187,42,,,670.0,588.0,0.0
M_ml08,M,48,22,0,cpsat,-14.3,-14.3,-14.3,0.0,0.0,0.0,1.0,1.0,1.0,0,True,True,True,False,0,True,19.8,False,((((.((((....)))).((((....)))).((((....)))).)))),0.03247390000615269,0,22,2,22,0,0,110,13.65,13.65,False,22,94,16,82,22,,,110.0,0.0,0.0
M_ml08,M,48,22,1,cpsat,-14.3,-14.3,-14.3,0.0,0.0,0.0,1.0,1.0,1.0,0,True,True,True,False,0,True,2.52,False,((((.((((....)))).((((....)))).((((....)))).)))),0.032121800002641976,1,22,2,21,82,0,110,39.66,39.66,False,22,94,16,82,22,,,192.0,286.0,0.0
M_ml09,M,54,32,0,cpsat,-17.4,-17.4,-17.4,0.0,0.0,0.0,1.0,1.0,1.0,0,True,True,True,False,0,True,19.8,False,(((((..((((....))))..((((....))))..((((....))))..))))),0.036731300002429634,0,32,2,32,0,0,219,18.45,18.45,False,32,202,17,122,32,,,219.0,378.0,0.0
M_ml09,M,54,32,1,cpsat,-17.4,-16.4,-16.4,1.0,0.0,1.0,0.5294117647058824,0.75,0.6206896551724139,11,False,False,True,False,0,True,2.24,False,(((((............(((.((((....))))..)))...........))))),0.042817299952730536,1,32,2,32,122,0,219,49.73,49.73,False,32,202,17,122,32,,,341.0,716.0,0.0
M_ml10,M,58,61,0,cpsat,-21.8,-21.8,-21.8,0.0,0.0,0.0,1.0,1.0,1.0,0,True,True,True,False,0,True,19.3,False,((((..(((((....)))))..(((((....)))))..(((((....)))))..)))),1.2751769999740645,0,61,2,61,0,0,1126,18.75,18.75,False,61,921,205,359,61,,,1126.0,794.0,0.0
M_ml10,M,58,61,1,cpsat,-21.8,-17.1,-17.1,4.7,0.0,4.7,0.47368421052631576,0.6,0.5294117647058824,16,False,False,True,False,0,True,1.33,False,((((..(((........(((..(((((....)))))...)))......)))...)))),2.25294129998656,1,61,2,59,354,0,1126,98.22,98.22,False,61,921,205,359,61,,,1480.0,652.0,0.0
