tier,seq_id,length,variant,min_stem_length,include_substems,n_stems,n_conflict,n_nesting,representable,encoding_gap
A,A_hp01,15,Lmin3_maximal,3,False,2,1,0,True,0.0
A,A_hp01,15,Lmin3_substems,3,True,7,21,0,True,0.0
A,A_hp01,15,Lmin2_maximal,2,False,7,17,0,True,0.0
A,A_hp01,15,Lmin2_substems,2,True,18,129,13,True,0.0
A,A_hp02,16,Lmin3_maximal,3,False,3,3,0,True,0.0
A,A_hp02,16,Lmin3_substems,3,True,8,28,0,True,0.0
A,A_hp02,16,Lmin2_maximal,2,False,10,39,3,True,0.0
A,A_hp02,16,Lmin2_substems,2,True,23,217,15,True,0.0
A,A_hp03,17,Lmin3_maximal,3,False,5,10,0,True,0.0
A,A_hp03,17,Lmin3_substems,3,True,23,249,1,True,0.0
A,A_hp03,17,Lmin2_maximal,2,False,8,26,0,True,0.0
A,A_hp03,17,Lmin2_substems,2,True,43,782,32,True,0.0
A,A_hp04,18,Lmin3_maximal,3,False,3,3,0,True,0.0
A,A_hp04,18,Lmin3_substems,3,True,14,90,1,True,0.0
A,A_hp04,18,Lmin2_maximal,2,False,4,6,0,True,0.0
A,A_hp04,18,Lmin2_substems,2,True,25,274,23,True,0.0
A,A_hp05,19,Lmin3_maximal,3,False,3,3,0,True,0.0
A,A_hp05,19,Lmin3_substems,3,True,24,270,6,True,0.0
A,A_hp05,19,Lmin2_maximal,2,False,13,55,7,True,0.0
A,A_hp05,19,Lmin2_substems,2,True,47,886,104,True,0.0
A,A_hp06,20,Lmin3_maximal,3,False,2,1,0,True,0.0
A,A_hp06,20,Lmin3_substems,3,True,11,54,1,True,0.0
A,A_hp06,20,Lmin2_maximal,2,False,9,27,0,True,0.0
A,A_hp06,20,Lmin2_substems,2,True,25,252,22,True,0.0
A,A_hp07,21,Lmin3_maximal,3,False,2,1,0,True,0.0
A,A_hp07,21,Lmin3_substems,3,True,22,213,15,True,0.0
A,A_hp07,21,Lmin2_maximal,2,False,10,28,3,True,0.0
A,A_hp07,21,Lmin2_substems,2,True,39,576,102,True,0.0
A,A_hp08,22,Lmin3_maximal,3,False,4,6,0,True,0.0
A,A_hp08,22,Lmin3_substems,3,True,28,355,16,True,0.0
A,A_hp08,22,Lmin2_maximal,2,False,15,70,10,True,0.0
A,A_hp08,22,Lmin2_substems,2,True,54,1132,144,True,0.0
A,A_rand01,15,Lmin3_maximal,3,False,1,0,0,True,0.0
A,A_rand01,15,Lmin3_substems,3,True,3,3,0,True,0.0
A,A_rand01,15,Lmin2_maximal,2,False,6,10,0,True,0.0
A,A_rand01,15,Lmin2_substems,2,True,11,43,1,True,0.0
A,A_rand02,15,Lmin3_maximal,3,False,1,0,0,True,0.0
A,A_rand02,15,Lmin3_substems,3,True,1,0,0,True,0.0
A,A_rand02,15,Lmin2_maximal,2,False,4,4,0,True,0.0
A,A_rand02,15,Lmin2_substems,2,True,6,12,0,True,0.0
A,A_rand03,16,Lmin3_maximal,3,False,1,0,0,True,0.0
A,A_rand03,16,Lmin3_substems,3,True,3,3,0,True,0.0
A,A_rand03,16,Lmin2_maximal,2,False,3,3,0,True,0.0
A,A_rand03,16,Lmin2_substems,2,True,8,25,3,True,0.0
A,A_rand04,17,Lmin3_maximal,3,False,3,3,0,False,1.0
A,A_rand04,17,Lmin3_substems,3,True,3,3,0,False,1.0
A,A_rand04,17,Lmin2_maximal,2,False,10,34,4,True,0.0
A,A_rand04,17,Lmin2_substems,2,True,16,84,14,True,0.0
A,A_rand05,18,Lmin3_maximal,3,False,3,3,0,True,0.0
A,A_rand05,18,Lmin3_substems,3,True,12,65,0,True,0.0
A,A_rand05,18,Lmin2_maximal,2,False,9,27,1,True,0.0
A,A_rand05,18,Lmin2_substems,2,True,28,307,19,True,0.0
A,A_rand06,19,Lmin3_maximal,3,False,2,1,0,True,0.0
A,A_rand06,19,Lmin3_substems,3,True,7,21,0,True,0.0
A,A_rand06,19,Lmin2_maximal,2,False,10,28,5,True,0.0
A,A_rand06,19,Lmin2_substems,2,True,21,141,22,True,1.8
A,A_rand07,20,Lmin3_maximal,3,False,5,7,0,True,0.0
A,A_rand07,20,Lmin3_substems,3,True,9,31,0,True,0.0
A,A_rand07,20,Lmin2_maximal,2,False,10,30,1,True,0.0
A,A_rand07,20,Lmin2_substems,2,True,26,212,13,True,0.0
A,A_rand08,21,Lmin3_maximal,3,False,3,3,0,True,0.0
A,A_rand08,21,Lmin3_substems,3,True,5,9,0,True,0.0
A,A_rand08,21,Lmin2_maximal,2,False,12,41,8,True,0.0
A,A_rand08,21,Lmin2_substems,2,True,21,133,18,True,0.0
A,A_rand09,22,Lmin3_maximal,3,False,5,9,1,False,2.2
A,A_rand09,22,Lmin3_substems,3,True,14,72,18,True,0.0
A,A_rand09,22,Lmin2_maximal,2,False,15,71,20,False,2.2
A,A_rand09,22,Lmin2_substems,2,True,38,435,192,True,0.4
A,A_rand10,23,Lmin3_maximal,3,False,5,8,1,False,3.4
A,A_rand10,23,Lmin3_substems,3,True,7,18,1,False,3.4
A,A_rand10,23,Lmin2_maximal,2,False,18,88,25,True,0.0
A,A_rand10,23,Lmin2_substems,2,True,31,275,71,True,0.0
A,A_rand11,24,Lmin3_maximal,3,False,5,9,0,True,0.0
A,A_rand11,24,Lmin3_substems,3,True,9,34,1,True,0.0
A,A_rand11,24,Lmin2_maximal,2,False,12,41,12,True,0.0
A,A_rand11,24,Lmin2_substems,2,True,28,239,69,True,1.1
A,A_rand12,25,Lmin3_maximal,3,False,1,0,0,True,0.0
A,A_rand12,25,Lmin3_substems,3,True,1,0,0,True,0.0
A,A_rand12,25,Lmin2_maximal,2,False,18,76,29,True,3.4
A,A_rand12,25,Lmin2_substems,2,True,20,91,35,True,3.4
M,M_ml01,34,Lmin3_maximal,3,False,17,90,23,False,3.6
M,M_ml01,34,Lmin3_substems,3,True,39,472,213,True,0.0
M,M_ml01,34,Lmin2_maximal,2,False,42,410,149,False,3.6
M,M_ml01,34,Lmin2_substems,2,True,107,2780,1582,True,8.5
M,M_ml02,35,Lmin3_maximal,3,False,11,33,9,True,0.0
M,M_ml02,35,Lmin3_substems,3,True,17,68,36,True,0.0
M,M_ml02,35,Lmin2_maximal,2,False,35,274,99,True,6.8
M,M_ml02,35,Lmin2_substems,2,True,66,951,480,True,6.8
M,M_ml03,36,Lmin3_maximal,3,False,16,82,21,False,6.5
M,M_ml03,36,Lmin3_substems,3,True,41,555,105,True,0.0
M,M_ml03,36,Lmin2_maximal,2,False,41,388,173,False,0.1
M,M_ml03,36,Lmin2_substems,2,True,108,2855,1158,True,0.1
M,M_ml04,37,Lmin3_maximal,3,False,14,63,12,True,0.0
M,M_ml04,37,Lmin3_substems,3,True,34,357,140,True,0.0
M,M_ml04,37,Lmin2_maximal,2,False,38,341,120,True,0.0
M,M_ml04,37,Lmin2_substems,2,True,95,2146,1130,True,5.0
M,M_ml05,39,Lmin3_maximal,3,False,16,81,25,True,0.0
M,M_ml05,39,Lmin3_substems,3,True,34,327,129,True,0.0
M,M_ml05,39,Lmin2_maximal,2,False,43,427,156,True,0.0
M,M_ml05,39,Lmin2_substems,2,True,101,2475,1097,True,2.4
M,M_ml06,41,Lmin3_maximal,3,False,13,38,27,True,0.0
M,M_ml06,41,Lmin3_substems,3,True,30,202,166,True,0.0
M,M_ml06,41,Lmin2_maximal,2,False,44,403,239,True,5.3
M,M_ml06,41,Lmin2_substems,2,True,94,1858,1436,True,5.3
M,M_ml07,44,Lmin3_maximal,3,False,16,63,28,True,0.0
M,M_ml07,44,Lmin3_substems,3,True,42,421,187,True,0.0
M,M_ml07,44,Lmin2_maximal,2,False,55,601,354,True,1.9
M,M_ml07,44,Lmin2_substems,2,True,124,3105,1832,True,1.9
M,M_ml08,48,Lmin3_maximal,3,False,14,45,26,True,0.0
M,M_ml08,48,Lmin3_substems,3,True,22,94,82,True,0.0
M,M_ml08,48,Lmin2_maximal,2,False,56,561,354,True,0.7
M,M_ml08,48,Lmin2_substems,2,True,96,1698,1308,True,0.7
M,M_ml09,54,Lmin3_maximal,3,False,17,65,13,True,1.0
M,M_ml09,54,Lmin3_substems,3,True,32,202,122,True,1.0
M,M_ml09,54,Lmin2_maximal,2,False,66,722,466,True,1.2
M,M_ml09,54,Lmin2_substems,2,True,122,2501,1736,True,1.2
M,M_ml10,58,Lmin3_maximal,3,False,27,171,73,True,4.7
M,M_ml10,58,Lmin3_substems,3,True,61,921,359,True,4.7
M,M_ml10,58,Lmin2_maximal,2,False,91,1288,851,True,16.1
M,M_ml10,58,Lmin2_substems,2,True,193,6570,4133,True,5.7
