tier,seq_id,n_stems,level,solver,seed,skipped,model_energy,exact_model_energy,optimizer_gap_model,found_model_optimum,e_vienna_mfe,e_model_optimum,e_solver,encoding_gap,optimizer_gap,total_gap,f1,sensitivity,ppv,exact_match,feasible_raw,was_repaired,wall_time,n_qubits,depth,two_qubit_gates,compression_ratio,function_evaluations
A,A_hp01,7,1,random,0,False,-3.1,-3.1,0.0,True,-3.1,-3.1,-3.1,0.0,0.0,0.0,1.0,1.0,1.0,True,True,False,2.0,7.0,,,,157139
A,A_hp01,7,1,annealing,0,False,-3.1,-3.1,0.0,True,-3.1,-3.1,-3.1,0.0,0.0,0.0,1.0,1.0,1.0,True,True,False,2.0,7.0,,,,669956
A,A_hp01,7,1,lowrank,0,False,-3.1,-3.1,0.0,True,-3.1,-3.1,-3.1,0.0,0.0,0.0,1.0,1.0,1.0,True,True,False,0.0448,7.0,,,1.75,3712
A,A_hp01,7,1,adapt_qaoa,0,False,-3.1,-3.1,0.0,True,-3.1,-3.1,-3.1,0.0,0.0,0.0,1.0,1.0,1.0,True,True,False,0.2749,7.0,165.0,252.0,,1180
A,A_hp01,7,1,pce,0,False,-0.4,-3.1,2.7,False,-3.1,-3.1,-0.4,0.0,2.7,2.7,0.75,0.6,1.0,False,True,False,0.5693,2.0,,,3.5,688
A,A_hp01,7,1,dirac3_sim,0,False,-2.0,-3.1,1.1,False,-3.1,-3.1,-2.0,0.0,1.1,1.1,0.8889,0.8,1.0,False,True,False,0.0808,,,,,2000
A,A_hp01,7,1,random,1,False,-3.1,-3.1,0.0,True,-3.1,-3.1,-3.1,0.0,0.0,0.0,1.0,1.0,1.0,True,True,False,2.0,7.0,,,,157591
A,A_hp01,7,1,annealing,1,False,-3.1,-3.1,0.0,True,-3.1,-3.1,-3.1,0.0,0.0,0.0,1.0,1.0,1.0,True,True,False,2.0,7.0,,,,674667
A,A_hp01,7,1,lowrank,1,False,-3.1,-3.1,0.0,True,-3.1,-3.1,-3.1,0.0,0.0,0.0,1.0,1.0,1.0,True,True,False,0.0422,7.0,,,1.75,3712
A,A_hp01,7,1,adapt_qaoa,1,False,-3.1,-3.1,0.0,True,-3.1,-3.1,-3.1,0.0,0.0,0.0,1.0,1.0,1.0,True,True,False,0.2727,7.0,165.0,252.0,,1180
A,A_hp01,7,1,pce,1,False,-0.5,-3.1,2.6,False,-3.1,-3.1,-0.5,0.0,2.6,2.6,0.75,0.6,1.0,False,True,False,0.4254,2.0,,,3.5,437
A,A_hp01,7,1,dirac3_sim,1,False,-3.1,-3.1,0.0,True,-3.1,-3.1,-3.1,0.0,0.0,0.0,1.0,1.0,1.0,True,True,False,0.0829,,,,,2000
A,A_hp01,7,1,random,2,False,-3.1,-3.1,0.0,True,-3.1,-3.1,-3.1,0.0,0.0,0.0,1.0,1.0,1.0,True,True,False,2.0,7.0,,,,156920
A,A_hp01,7,1,annealing,2,False,-3.1,-3.1,0.0,True,-3.1,-3.1,-3.1,0.0,0.0,0.0,1.0,1.0,1.0,True,True,False,2.0,7.0,,,,681282
A,A_hp01,7,1,lowrank,2,False,-3.1,-3.1,0.0,True,-3.1,-3.1,-3.1,0.0,0.0,0.0,1.0,1.0,1.0,True,True,False,0.0411,7.0,,,1.75,3712
A,A_hp01,7,1,adapt_qaoa,2,False,-3.1,-3.1,0.0,True,-3.1,-3.1,-3.1,0.0,0.0,0.0,1.0,1.0,1.0,True,True,False,0.2674,7.0,165.0,252.0,,1180
A,A_hp01,7,1,pce,2,False,-0.5,-3.1,2.6,False,-3.1,-3.1,-0.5,0.0,2.6,2.6,0.75,0.6,1.0,False,True,False,0.6982,2.0,,,3.5,823
A,A_hp01,7,1,dirac3_sim,2,False,-3.1,-3.1,0.0,True,-3.1,-3.1,-3.1,0.0,0.0,0.0,1.0,1.0,1.0,True,True,False,0.0819,,,,,2000
A,A_hp01,7,2,random,0,False,-3.1,-3.1,0.0,True,-3.1,-3.1,-3.1,0.0,0.0,0.0,1.0,1.0,1.0,True,True,False,2.0,7.0,,,,159473
A,A_hp01,7,2,annealing,0,False,-3.1,-3.1,0.0,True,-3.1,-3.1,-3.1,0.0,0.0,0.0,1.0,1.0,1.0,True,True,False,2.0,7.0,,,,669739
A,A_hp01,7,2,lowrank,0,False,-3.1,-3.1,0.0,True,-3.1,-3.1,-3.1,0.0,0.0,0.0,1.0,1.0,1.0,True,True,False,0.042,7.0,,,1.75,3712
A,A_hp01,7,2,adapt_qaoa,0,False,-3.1,-3.1,0.0,True,-3.1,-3.1,-3.1,0.0,0.0,0.0,1.0,1.0,1.0,True,True,False,0.2613,7.0,165.0,252.0,,1180
A,A_hp01,7,2,pce,0,False,-0.4,-3.1,2.7,False,-3.1,-3.1,-0.4,0.0,2.7,2.7,0.75,0.6,1.0,False,True,False,0.577,2.0,,,3.5,688
A,A_hp01,7,2,dirac3_sim,0,False,-2.0,-3.1,1.1,False,-3.1,-3.1,-2.0,0.0,1.1,1.1,0.8889,0.8,1.0,False,True,False,0.0795,,,,,2000
A,A_hp01,7,2,random,1,False,-3.1,-3.1,0.0,True,-3.1,-3.1,-3.1,0.0,0.0,0.0,1.0,1.0,1.0,True,True,False,2.0,7.0,,,,159803
A,A_hp01,7,2,annealing,1,False,-3.1,-3.1,0.0,True,-3.1,-3.1,-3.1,0.0,0.0,0.0,1.0,1.0,1.0,True,True,False,2.0,7.0,,,,685055
A,A_hp01,7,2,lowrank,1,False,-3.1,-3.1,0.0,True,-3.1,-3.1,-3.1,0.0,0.0,0.0,1.0,1.0,1.0,True,True,False,0.0391,7.0,,,1.75,3712
A,A_hp01,7,2,adapt_qaoa,1,False,-3.1,-3.1,0.0,True,-3.1,-3.1,-3.1,0.0,0.0,0.0,1.0,1.0,1.0,True,True,False,0.2622,7.0,165.0,252.0,,1180
A,A_hp01,7,2,pce,1,False,-0.5,-3.1,2.6,False,-3.1,-3.1,-0.5,0.0,2.6,2.6,0.75,0.6,1.0,False,True,False,0.3782,2.0,,,3.5,437
A,A_hp01,7,2,dirac3_sim,1,False,-3.1,-3.1,0.0,True,-3.1,-3.1,-3.1,0.0,0.0,0.0,1.0,1.0,1.0,True,True,False,0.0821,,,,,2000
A,A_hp01,7,2,random,2,False,-3.1,-3.1,0.0,True,-3.1,-3.1,-3.1,0.0,0.0,0.0,1.0,1.0,1.0,True,True,False,2.0,7.0,,,,159147
A,A_hp01,7,2,annealing,2,False,-3.1,-3.1,0.0,True,-3.1,-3.1,-3.1,0.0,0.0,0.0,1.0,1.0,1.0,True,True,False,2.0,7.0,,,,691236
A,A_hp01,7,2,lowrank,2,False,-3.1,-3.1,0.0,True,-3.1,-3.1,-3.1,0.0,0.0,0.0,1.0,1.0,1.0,True,True,False,0.0419,7.0,,,1.75,3712
A,A_hp01,7,2,adapt_qaoa,2,False,-3.1,-3.1,0.0,True,-3.1,-3.1,-3.1,0.0,0.0,0.0,1.0,1.0,1.0,True,True,False,0.266,7.0,165.0,252.0,,1180
A,A_hp01,7,2,pce,2,False,-0.5,-3.1,2.6,False,-3.1,-3.1,-0.5,0.0,2.6,2.6,0.75,0.6,1.0,False,True,False,0.7069,2.0,,,3.5,823
A,A_hp01,7,2,dirac3_sim,2,False,-3.1,-3.1,0.0,True,-3.1,-3.1,-3.1,0.0,0.0,0.0,1.0,1.0,1.0,True,True,False,0.0793,,,,,2000
A,A_hp02,8,1,random,0,False,-1.7,-1.7,0.0,True,-1.7,-1.7,-1.7,0.0,0.0,0.0,1.0,1.0,1.0,True,True,False,2.0,8.0,,,,129590
A,A_hp02,8,1,annealing,0,False,-1.7,-1.7,0.0,True,-1.7,-1.7,-1.7,0.0,0.0,0.0,1.0,1.0,1.0,True,True,False,2.0,8.0,,,,625896
A,A_hp02,8,1,lowrank,0,False,-1.7,-1.7,0.0,True,-1.7,-1.7,-1.7,0.0,0.0,0.0,1.0,1.0,1.0,True,True,False,0.0415,8.0,,,2.0,3712
A,A_hp02,8,1,adapt_qaoa,0,False,-1.7,-1.7,0.0,True,-1.7,-1.7,-1.7,0.0,0.0,0.0,1.0,1.0,1.0,True,True,False,0.4592,8.0,187.0,340.0,,1600
A,A_hp02,8,1,pce,0,False,-1.7,-1.7,0.0,True,-1.7,-1.7,-1.7,0.0,0.0,0.0,1.0,1.0,1.0,True,True,False,0.5401,2.0,,,4.0,597
A,A_hp02,8,1,dirac3_sim,0,False,-1.7,-1.7,0.0,True,-1.7,-1.7,-1.7,0.0,0.0,0.0,1.0,1.0,1.0,True,True,False,0.0753,,,,,2000
A,A_hp02,8,1,random,1,False,-1.7,-1.7,0.0,True,-1.7,-1.7,-1.7,0.0,0.0,0.0,1.0,1.0,1.0,True,True,False,2.0,8.0,,,,130828
A,A_hp02,8,1,annealing,1,False,-1.7,-1.7,0.0,True,-1.7,-1.7,-1.7,0.0,0.0,0.0,1.0,1.0,1.0,True,True,False,2.0,8.0,,,,613456
A,A_hp02,8,1,lowrank,1,False,-1.7,-1.7,0.0,True,-1.7,-1.7,-1.7,0.0,0.0,0.0,1.0,1.0,1.0,True,True,False,0.0425,8.0,,,2.0,3712
A,A_hp02,8,1,adapt_qaoa,1,False,-1.7,-1.7,0.0,True,-1.7,-1.7,-1.7,0.0,0.0,0.0,1.0,1.0,1.0,True,True,False,0.4687,8.0,187.0,340.0,,1600
A,A_hp02,8,1,pce,1,False,-1.7,-1.7,0.0,True,-1.7,-1.7,-1.7,0.0,0.0,0.0,1.0,1.0,1.0,True,True,False,0.7007,2.0,,,4.0,770
A,A_hp02,8,1,dirac3_sim,1,False,1.2,-1.7,2.9,False,-1.7,-1.7,1.2,0.0,2.9,2.9,0.8889,0.8,1.0,False,True,False,0.0782,,,,,2000
A,A_hp02,8,1,random,2,False,-1.7,-1.7,0.0,True,-1.7,-1.7,-1.7,0.0,0.0,0.0,1.0,1.0,1.0,True,True,False,2.0006,8.0,,,,125740
A,A_hp02,8,1,annealing,2,False,-1.7,-1.7,0.0,True,-1.7,-1.7,-1.7,0.0,0.0,0.0,1.0,1.0,1.0,True,True,False,2.0,8.0,,,,627000
A,A_hp02,8,1,lowrank,2,False,-1.7,-1.7,0.0,True,-1.7,-1.7,-1.7,0.0,0.0,0.0,1.0,1.0,1.0,True,True,False,0.044,8.0,,,2.0,3712
A,A_hp02,8,1,adapt_qaoa,2,False,-1.7,-1.7,0.0,True,-1.7,-1.7,-1.7,0.0,0.0,0.0,1.0,1.0,1.0,True,True,False,0.4724,8.0,187.0,340.0,,1600
A,A_hp02,8,1,pce,2,False,-1.7,-1.7,0.0,True,-1.7,-1.7,-1.7,0.0,0.0,0.0,1.0,1.0,1.0,True,True,False,0.9154,2.0,,,4.0,1017
A,A_hp02,8,1,dirac3_sim,2,False,-1.7,-1.7,0.0,True,-1.7,-1.7,-1.7,0.0,0.0,0.0,1.0,1.0,1.0,True,True,False,0.0751,,,,,2000
A,A_hp02,8,2,random,0,False,-1.7,-1.7,0.0,True,-1.7,-1.7,-1.7,0.0,0.0,0.0,1.0,1.0,1.0,True,True,False,2.0,8.0,,,,127159
A,A_hp02,8,2,annealing,0,False,-1.7,-1.7,0.0,True,-1.7,-1.7,-1.7,0.0,0.0,0.0,1.0,1.0,1.0,True,True,False,2.0,8.0,,,,625680
A,A_hp02,8,2,lowrank,0,False,-1.7,-1.7,0.0,True,-1.7,-1.7,-1.7,0.0,0.0,0.0,1.0,1.0,1.0,True,True,False,0.0426,8.0,,,2.0,3712
A,A_hp02,8,2,adapt_qaoa,0,False,-1.7,-1.7,0.0,True,-1.7,-1.7,-1.7,0.0,0.0,0.0,1.0,1.0,1.0,True,True,False,0.4623,8.0,187.0,340.0,,1600
A,A_hp02,8,2,pce,0,False,-1.7,-1.7,0.0,True,-1.7,-1.7,-1.7,0.0,0.0,0.0,1.0,1.0,1.0,True,True,False,0.5299,2.0,,,4.0,597
A,A_hp02,8,2,dirac3_sim,0,False,-1.7,-1.7,0.0,True,-1.7,-1.7,-1.7,0.0,0.0,0.0,1.0,1.0,1.0,True,True,False,0.078,,,,,2000
A,A_hp02,8,2,random,1,False,-1.7,-1.7,0.0,True,-1.7,-1.7,-1.7,0.0,0.0,0.0,1.0,1.0,1.0,True,True,False,2.0,8.0,,,,125009
A,A_hp02,8,2,annealing,1,False,-1.7,-1.7,0.0,True,-1.7,-1.7,-1.7,0.0,0.0,0.0,1.0,1.0,1.0,True,True,False,2.0,8.0,,,,624360
A,A_hp02,8,2,lowrank,1,False,-1.7,-1.7,0.0,True,-1.7,-1.7,-1.7,0.0,0.0,0.0,1.0,1.0,1.0,True,True,False,0.0429,8.0,,,2.0,3712
A,A_hp02,8,2,adapt_qaoa,1,False,-1.7,-1.7,0.0,True,-1.7,-1.7,-1.7,0.0,0.0,0.0,1.0,1.0,1.0,True,True,False,0.4903,8.0,187.0,340.0,,1600
A,A_hp02,8,2,pce,1,False,-1.7,-1.7,0.0,True,-1.7,-1.7,-1.7,0.0,0.0,0.0,1.0,1.0,1.0,True,True,False,0.7204,2.0,,,4.0,770
A,A_hp02,8,2,dirac3_sim,1,False,1.2,-1.7,2.9,False,-1.7,-1.7,1.2,0.0,2.9,2.9,0.8889,0.8,1.0,False,True,False,0.0767,,,,,2000
A,A_hp02,8,2,random,2,False,-1.7,-1.7,0.0,True,-1.7,-1.7,-1.7,0.0,0.0,0.0,1.0,1.0,1.0,True,True,False,2.0,8.0,,,,125977
A,A_hp02,8,2,annealing,2,False,-1.7,-1.7,0.0,True,-1.7,-1.7,-1.7,0.0,0.0,0.0,1.0,1.0,1.0,True,True,False,2.0,8.0,,,,618088
A,A_hp02,8,2,lowrank,2,False,-1.7,-1.7,0.0,True,-1.7,-1.7,-1.7,0.0,0.0,0.0,1.0,1.0,1.0,True,True,False,0.044,8.0,,,2.0,3712
A,A_hp02,8,2,adapt_qaoa,2,False,-1.7,-1.7,0.0,True,-1.7,-1.7,-1.7,0.0,0.0,0.0,1.0,1.0,1.0,True,True,False,0.4743,8.0,187.0,340.0,,1600
A,A_hp02,8,2,pce,2,False,-1.7,-1.7,0.0,True,-1.7,-1.7,-1.7,0.0,0.0,0.0,1.0,1.0,1.0,True,True,False,0.9137,2.0,,,4.0,1017
A,A_hp02,8,2,dirac3_sim,2,False,-1.7,-1.7,0.0,True,-1.7,-1.7,-1.7,0.0,0.0,0.0,1.0,1.0,1.0,True,True,False,0.0769,,,,,2000
A,A_hp04,14,1,random,0,False,-5.9,-5.9,0.0,True,-5.9,-5.9,-5.9,0.0,0.0,0.0,1.0,1.0,1.0,True,True,False,2.0,14.0,,,,48432
A,A_hp04,14,1,annealing,0,False,-5.9,-5.9,0.0,True,-5.9,-5.9,-5.9,0.0,0.0,0.0,1.0,1.0,1.0,True,True,False,2.0,14.0,,,,349118
A,A_hp04,14,1,lowrank,0,False,-5.9,-5.9,0.0,True,-5.9,-5.9,-5.9,0.0,0.0,0.0,1.0,1.0,1.0,True,True,False,0.0436,14.0,,,2.3333333333333335,3712
A,A_hp04,14,1,adapt_qaoa,0,False,2.5,-5.9,8.4,False,-5.9,-5.9,2.5,0.0,8.4,8.4,0.0,0.0,0.0,False,True,False,2.0703,14.0,177.0,548.0,,689
A,A_hp04,14,1,pce,0,False,0.0,-5.9,5.9,False,-5.9,-5.9,0.0,0.0,5.9,5.9,0.0,0.0,1.0,False,True,False,2.1614,3.0,,,4.6667,1450
A,A_hp04,14,1,dirac3_sim,0,False,-5.9,-5.9,0.0,True,-5.9,-5.9,-5.9,0.0,0.0,0.0,1.0,1.0,1.0,True,True,False,0.0834,,,,,2000
A,A_hp04,14,1,random,1,False,-5.9,-5.9,0.0,True,-5.9,-5.9,-5.9,0.0,0.0,0.0,1.0,1.0,1.0,True,True,False,2.0,14.0,,,,47149
A,A_hp04,14,1,annealing,1,False,-5.9,-5.9,0.0,True,-5.9,-5.9,-5.9,0.0,0.0,0.0,1.0,1.0,1.0,True,True,False,2.0001,14.0,,,,357196
A,A_hp04,14,1,lowrank,1,False,-5.9,-5.9,0.0,True,-5.9,-5.9,-5.9,0.0,0.0,0.0,1.0,1.0,1.0,True,True,False,0.0424,14.0,,,2.3333333333333335,3712
A,A_hp04,14,1,adapt_qaoa,1,False,-3.2,-5.9,2.7,False,-5.9,-5.9,-3.2,0.0,2.7,2.7,0.9091,0.8333,1.0,False,True,False,2.1033,14.0,177.0,548.0,,689
A,A_hp04,14,1,pce,1,False,0.0,-5.9,5.9,False,-5.9,-5.9,0.0,0.0,5.9,5.9,0.0,0.0,1.0,False,True,False,2.2405,3.0,,,4.6667,1482
A,A_hp04,14,1,dirac3_sim,1,False,-5.9,-5.9,0.0,True,-5.9,-5.9,-5.9,0.0,0.0,0.0,1.0,1.0,1.0,True,True,False,0.0841,,,,,2000
A,A_hp04,14,1,random,2,False,-5.9,-5.9,0.0,True,-5.9,-5.9,-5.9,0.0,0.0,0.0,1.0,1.0,1.0,True,True,False,2.0,14.0,,,,46195
A,A_hp04,14,1,annealing,2,False,-5.9,-5.9,0.0,True,-5.9,-5.9,-5.9,0.0,0.0,0.0,1.0,1.0,1.0,True,True,False,2.0,14.0,,,,355152
A,A_hp04,14,1,lowrank,2,False,-5.9,-5.9,0.0,True,-5.9,-5.9,-5.9,0.0,0.0,0.0,1.0,1.0,1.0,True,True,False,0.0418,14.0,,,2.3333333333333335,3712
A,A_hp04,14,1,adapt_qaoa,2,False,-5.9,-5.9,0.0,True,-5.9,-5.9,-5.9,0.0,0.0,0.0,1.0,1.0,1.0,True,True,False,2.0638,14.0,177.0,548.0,,689
A,A_hp04,14,1,pce,2,False,0.0,-5.9,5.9,False,-5.9,-5.9,0.0,0.0,5.9,5.9,0.0,0.0,1.0,False,True,False,2.6665,3.0,,,4.6667,1756
A,A_hp04,14,1,dirac3_sim,2,False,-5.9,-5.9,0.0,True,-5.9,-5.9,-5.9,0.0,0.0,0.0,1.0,1.0,1.0,True,True,False,0.0789,,,,,2000
A,A_hp04,14,2,random,0,False,-5.9,-5.9,0.0,True,-5.9,-5.9,-5.9,0.0,0.0,0.0,1.0,1.0,1.0,True,True,False,2.0,14.0,,,,47326
A,A_hp04,14,2,annealing,0,False,-5.9,-5.9,0.0,True,-5.9,-5.9,-5.9,0.0,0.0,0.0,1.0,1.0,1.0,True,True,False,2.0001,14.0,,,,354410
A,A_hp04,14,2,lowrank,0,False,-5.9,-5.9,0.0,True,-5.9,-5.9,-5.9,0.0,0.0,0.0,1.0,1.0,1.0,True,True,False,0.0435,14.0,,,2.3333333333333335,3712
A,A_hp04,14,2,adapt_qaoa,0,False,2.5,-5.9,8.4,False,-5.9,-5.9,2.5,0.0,8.4,8.4,0.0,0.0,0.0,False,True,False,2.1021,14.0,177.0,548.0,,689
A,A_hp04,14,2,pce,0,False,0.0,-5.9,5.9,False,-5.9,-5.9,0.0,0.0,5.9,5.9,0.0,0.0,1.0,False,True,False,2.15,3.0,,,4.6667,1450
A,A_hp04,14,2,dirac3_sim,0,False,-5.9,-5.9,0.0,True,-5.9,-5.9,-5.9,0.0,0.0,0.0,1.0,1.0,1.0,True,True,False,0.0794,,,,,2000
A,A_hp04,14,2,random,1,False,-5.9,-5.9,0.0,True,-5.9,-5.9,-5.9,0.0,0.0,0.0,1.0,1.0,1.0,True,True,False,2.0,14.0,,,,47079
A,A_hp04,14,2,annealing,1,False,-5.9,-5.9,0.0,True,-5.9,-5.9,-5.9,0.0,0.0,0.0,1.0,1.0,1.0,True,True,False,2.0,14.0,,,,355656
A,A_hp04,14,2,lowrank,1,False,-5.9,-5.9,0.0,True,-5.9,-5.9,-5.9,0.0,0.0,0.0,1.0,1.0,1.0,True,True,False,0.0465,14.0,,,2.3333333333333335,3712
A,A_hp04,14,2,adapt_qaoa,1,False,-3.2,-5.9,2.7,False,-5.9,-5.9,-3.2,0.0,2.7,2.7,0.9091,0.8333,1.0,False,True,False,2.0436,14.0,177.0,548.0,,689
A,A_hp04,14,2,pce,1,False,0.0,-5.9,5.9,False,-5.9,-5.9,0.0,0.0,5.9,5.9,0.0,0.0,1.0,False,True,False,2.2317,3.0,,,4.6667,1482
A,A_hp04,14,2,dirac3_sim,1,False,-5.9,-5.9,0.0,True,-5.9,-5.9,-5.9,0.0,0.0,0.0,1.0,1.0,1.0,True,True,False,0.0813,,,,,2000
A,A_hp04,14,2,random,2,False,-5.9,-5.9,0.0,True,-5.9,-5.9,-5.9,0.0,0.0,0.0,1.0,1.0,1.0,True,True,False,2.0,14.0,,,,46876
A,A_hp04,14,2,annealing,2,False,-5.9,-5.9,0.0,True,-5.9,-5.9,-5.9,0.0,0.0,0.0,1.0,1.0,1.0,True,True,False,2.0001,14.0,,,,358260
A,A_hp04,14,2,lowrank,2,False,-5.9,-5.9,0.0,True,-5.9,-5.9,-5.9,0.0,0.0,0.0,1.0,1.0,1.0,True,True,False,0.0411,14.0,,,2.3333333333333335,3712
A,A_hp04,14,2,adapt_qaoa,2,False,-5.9,-5.9,0.0,True,-5.9,-5.9,-5.9,0.0,0.0,0.0,1.0,1.0,1.0,True,True,False,2.0497,14.0,177.0,548.0,,689
A,A_hp04,14,2,pce,2,False,0.0,-5.9,5.9,False,-5.9,-5.9,0.0,0.0,5.9,5.9,0.0,0.0,1.0,False,True,False,2.6505,3.0,,,4.6667,1756
A,A_hp04,14,2,dirac3_sim,2,False,-5.9,-5.9,0.0,True,-5.9,-5.9,-5.9,0.0,0.0,0.0,1.0,1.0,1.0,True,True,False,0.08,,,,,2000
A,A_hp06,11,1,random,0,False,-6.6,-6.6,0.0,True,-6.6,-6.6,-6.6,0.0,0.0,0.0,1.0,1.0,1.0,True,True,False,2.0,11.0,,,,72630
A,A_hp06,11,1,annealing,0,False,-6.6,-6.6,0.0,True,-6.6,-6.6,-6.6,0.0,0.0,0.0,1.0,1.0,1.0,True,True,False,2.0,11.0,,,,454212
A,A_hp06,11,1,lowrank,0,False,-6.6,-6.6,0.0,True,-6.6,-6.6,-6.6,0.0,0.0,0.0,1.0,1.0,1.0,True,True,False,0.0457,11.0,,,2.2,3712
A,A_hp06,11,1,adapt_qaoa,0,False,-4.2,-6.6,2.4,False,-6.6,-6.6,-4.2,0.0,2.4,2.4,0.9091,0.8333,1.0,False,True,False,1.1311,11.0,286.0,670.0,,1800
A,A_hp06,11,1,pce,0,False,0.0,-6.6,6.6,False,-6.6,-6.6,0.0,0.0,6.6,6.6,0.0,0.0,1.0,False,True,False,2.3035,3.0,,,3.6667,1800
A,A_hp06,11,1,dirac3_sim,0,False,-4.2,-6.6,2.4,False,-6.6,-6.6,-4.2,0.0,2.4,2.4,0.9091,0.8333,1.0,False,True,False,0.0788,,,,,2000
A,A_hp06,11,1,random,1,False,-6.6,-6.6,0.0,True,-6.6,-6.6,-6.6,0.0,0.0,0.0,1.0,1.0,1.0,True,True,False,2.0,11.0,,,,73798
A,A_hp06,11,1,annealing,1,False,-6.6,-6.6,0.0,True,-6.6,-6.6,-6.6,0.0,0.0,0.0,1.0,1.0,1.0,True,True,False,2.0,11.0,,,,453156
A,A_hp06,11,1,lowrank,1,False,-6.6,-6.6,0.0,True,-6.6,-6.6,-6.6,0.0,0.0,0.0,1.0,1.0,1.0,True,True,False,0.0445,11.0,,,2.2,3712
A,A_hp06,11,1,adapt_qaoa,1,False,-6.6,-6.6,0.0,True,-6.6,-6.6,-6.6,0.0,0.0,0.0,1.0,1.0,1.0,True,True,False,1.1218,11.0,286.0,670.0,,1800
A,A_hp06,11,1,pce,1,False,0.0,-6.6,6.6,False,-6.6,-6.6,0.0,0.0,6.6,6.6,0.0,0.0,1.0,False,True,False,2.2955,3.0,,,3.6667,1800
A,A_hp06,11,1,dirac3_sim,1,False,-6.6,-6.6,0.0,True,-6.6,-6.6,-6.6,0.0,0.0,0.0,1.0,1.0,1.0,True,True,False,0.0799,,,,,2000
A,A_hp06,11,1,random,2,False,-6.6,-6.6,0.0,True,-6.6,-6.6,-6.6,0.0,0.0,0.0,1.0,1.0,1.0,True,True,False,2.0,11.0,,,,73488
A,A_hp06,11,1,annealing,2,False,-6.6,-6.6,0.0,True,-6.6,-6.6,-6.6,0.0,0.0,0.0,1.0,1.0,1.0,True,True,False,2.0,11.0,,,,461186
A,A_hp06,11,1,lowrank,2,False,-6.6,-6.6,0.0,True,-6.6,-6.6,-6.6,0.0,0.0,0.0,1.0,1.0,1.0,True,True,False,0.043,11.0,,,2.2,3712
A,A_hp06,11,1,adapt_qaoa,2,False,-6.6,-6.6,0.0,True,-6.6,-6.6,-6.6,0.0,0.0,0.0,1.0,1.0,1.0,True,True,False,1.1095,11.0,286.0,670.0,,1800
A,A_hp06,11,1,pce,2,False,0.0,-6.6,6.6,False,-6.6,-6.6,0.0,0.0,6.6,6.6,0.0,0.0,1.0,False,True,False,2.2894,3.0,,,3.6667,1800
A,A_hp06,11,1,dirac3_sim,2,False,-6.6,-6.6,0.0,True,-6.6,-6.6,-6.6,0.0,0.0,0.0,1.0,1.0,1.0,True,True,False,0.0741,,,,,2000
A,A_hp06,11,2,random,0,False,-6.6,-6.6,0.0,True,-6.6,-6.6,-6.6,0.0,0.0,0.0,1.0,1.0,1.0,True,True,False,2.0,11.0,,,,74579
A,A_hp06,11,2,annealing,0,False,-6.6,-6.6,0.0,True,-6.6,-6.6,-6.6,0.0,0.0,0.0,1.0,1.0,1.0,True,True,False,2.0,11.0,,,,455521
A,A_hp06,11,2,lowrank,0,False,-6.6,-6.6,0.0,True,-6.6,-6.6,-6.6,0.0,0.0,0.0,1.0,1.0,1.0,True,True,False,0.0416,11.0,,,2.2,3712
A,A_hp06,11,2,adapt_qaoa,0,False,-4.2,-6.6,2.4,False,-6.6,-6.6,-4.2,0.0,2.4,2.4,0.9091,0.8333,1.0,False,True,False,1.114,11.0,286.0,670.0,,1800
A,A_hp06,11,2,pce,0,False,0.0,-6.6,6.6,False,-6.6,-6.6,0.0,0.0,6.6,6.6,0.0,0.0,1.0,False,True,False,2.309,3.0,,,3.6667,1800
A,A_hp06,11,2,dirac3_sim,0,False,-4.2,-6.6,2.4,False,-6.6,-6.6,-4.2,0.0,2.4,2.4,0.9091,0.8333,1.0,False,True,False,0.0771,,,,,2000
A,A_hp06,11,2,random,1,False,-6.6,-6.6,0.0,True,-6.6,-6.6,-6.6,0.0,0.0,0.0,1.0,1.0,1.0,True,True,False,2.0,11.0,,,,72419
A,A_hp06,11,2,annealing,1,False,-6.6,-6.6,0.0,True,-6.6,-6.6,-6.6,0.0,0.0,0.0,1.0,1.0,1.0,True,True,False,2.0,11.0,,,,461747
A,A_hp06,11,2,lowrank,1,False,-6.6,-6.6,0.0,True,-6.6,-6.6,-6.6,0.0,0.0,0.0,1.0,1.0,1.0,True,True,False,0.0422,11.0,,,2.2,3712
A,A_hp06,11,2,adapt_qaoa,1,False,-6.6,-6.6,0.0,True,-6.6,-6.6,-6.6,0.0,0.0,0.0,1.0,1.0,1.0,True,True,False,1.087,11.0,286.0,670.0,,1800
A,A_hp06,11,2,pce,1,False,0.0,-6.6,6.6,False,-6.6,-6.6,0.0,0.0,6.6,6.6,0.0,0.0,1.0,False,True,False,2.3488,3.0,,,3.6667,1800
A,A_hp06,11,2,dirac3_sim,1,False,-6.6,-6.6,0.0,True,-6.6,-6.6,-6.6,0.0,0.0,0.0,1.0,1.0,1.0,True,True,False,0.076,,,,,2000
A,A_hp06,11,2,random,2,False,-6.6,-6.6,0.0,True,-6.6,-6.6,-6.6,0.0,0.0,0.0,1.0,1.0,1.0,True,True,False,2.0,11.0,,,,71001
A,A_hp06,11,2,annealing,2,False,-6.6,-6.6,0.0,True,-6.6,-6.6,-6.6,0.0,0.0,0.0,1.0,1.0,1.0,True,True,False,2.0,11.0,,,,457479
A,A_hp06,11,2,lowrank,2,False,-6.6,-6.6,0.0,True,-6.6,-6.6,-6.6,0.0,0.0,0.0,1.0,1.0,1.0,True,True,False,0.0422,11.0,,,2.2,3712
A,A_hp06,11,2,adapt_qaoa,2,False,-6.6,-6.6,0.0,True,-6.6,-6.6,-6.6,0.0,0.0,0.0,1.0,1.0,1.0,True,True,False,1.1047,11.0,286.0,670.0,,1800
A,A_hp06,11,2,pce,2,False,0.0,-6.6,6.6,False,-6.6,-6.6,0.0,0.0,6.6,6.6,0.0,0.0,1.0,False,True,False,2.3042,3.0,,,3.6667,1800
A,A_hp06,11,2,dirac3_sim,2,False,-6.6,-6.6,0.0,True,-6.6,-6.6,-6.6,0.0,0.0,0.0,1.0,1.0,1.0,True,True,False,0.0782,,,,,2000
A,A_rand01,3,1,random,0,False,-0.5,-0.5,0.0,True,-0.5,-0.5,-0.5,0.0,0.0,0.0,1.0,1.0,1.0,True,True,False,2.0,3.0,,,,593409
A,A_rand01,3,1,annealing,0,False,-0.5,-0.5,0.0,True,-0.5,-0.5,-0.5,0.0,0.0,0.0,1.0,1.0,1.0,True,True,False,1.6286,3.0,,,,1200000
A,A_rand01,3,1,lowrank,0,False,-0.5,-0.5,0.0,True,-0.5,-0.5,-0.5,0.0,0.0,0.0,1.0,1.0,1.0,True,True,False,0.0407,3.0,,,1.0,3712
A,A_rand01,3,1,adapt_qaoa,0,False,-0.5,-0.5,0.0,True,-0.5,-0.5,-0.5,0.0,0.0,0.0,1.0,1.0,1.0,True,True,False,0.0624,3.0,72.0,38.0,,229
A,A_rand01,3,1,pce,0,False,0.0,-0.5,0.5,False,-0.5,-0.5,0.0,0.0,0.5,0.5,0.0,0.0,1.0,False,True,False,0.2583,2.0,,,1.5,435
A,A_rand01,3,1,dirac3_sim,0,False,-0.5,-0.5,0.0,True,-0.5,-0.5,-0.5,0.0,0.0,0.0,1.0,1.0,1.0,True,True,False,0.0754,,,,,2000
A,A_rand01,3,1,random,1,False,-0.5,-0.5,0.0,True,-0.5,-0.5,-0.5,0.0,0.0,0.0,1.0,1.0,1.0,True,True,False,2.0,3.0,,,,598224
A,A_rand01,3,1,annealing,1,False,-0.5,-0.5,0.0,True,-0.5,-0.5,-0.5,0.0,0.0,0.0,1.0,1.0,1.0,True,True,False,1.6392,3.0,,,,1200000
A,A_rand01,3,1,lowrank,1,False,-0.5,-0.5,0.0,True,-0.5,-0.5,-0.5,0.0,0.0,0.0,1.0,1.0,1.0,True,True,False,0.0428,3.0,,,1.0,3712
A,A_rand01,3,1,adapt_qaoa,1,False,-0.5,-0.5,0.0,True,-0.5,-0.5,-0.5,0.0,0.0,0.0,1.0,1.0,1.0,True,True,False,0.0631,3.0,72.0,38.0,,229
A,A_rand01,3,1,pce,1,False,0.0,-0.5,0.5,False,-0.5,-0.5,0.0,0.0,0.5,0.5,0.0,0.0,1.0,False,True,False,0.2481,2.0,,,1.5,409
A,A_rand01,3,1,dirac3_sim,1,False,-0.5,-0.5,0.0,True,-0.5,-0.5,-0.5,0.0,0.0,0.0,1.0,1.0,1.0,True,True,False,0.0731,,,,,2000
A,A_rand01,3,1,random,2,False,-0.5,-0.5,0.0,True,-0.5,-0.5,-0.5,0.0,0.0,0.0,1.0,1.0,1.0,True,True,False,2.0,3.0,,,,586248
A,A_rand01,3,1,annealing,2,False,-0.5,-0.5,0.0,True,-0.5,-0.5,-0.5,0.0,0.0,0.0,1.0,1.0,1.0,True,True,False,1.6402,3.0,,,,1200000
A,A_rand01,3,1,lowrank,2,False,-0.5,-0.5,0.0,True,-0.5,-0.5,-0.5,0.0,0.0,0.0,1.0,1.0,1.0,True,True,False,0.0396,3.0,,,1.0,3712
A,A_rand01,3,1,adapt_qaoa,2,False,-0.5,-0.5,0.0,True,-0.5,-0.5,-0.5,0.0,0.0,0.0,1.0,1.0,1.0,True,True,False,0.0675,3.0,72.0,38.0,,229
A,A_rand01,3,1,pce,2,False,0.0,-0.5,0.5,False,-0.5,-0.5,0.0,0.0,0.5,0.5,0.0,0.0,1.0,False,True,False,0.2819,2.0,,,1.5,448
A,A_rand01,3,1,dirac3_sim,2,False,-0.5,-0.5,0.0,True,-0.5,-0.5,-0.5,0.0,0.0,0.0,1.0,1.0,1.0,True,True,False,0.0737,,,,,2000
A,A_rand01,3,2,random,0,False,-0.5,-0.5,0.0,True,-0.5,-0.5,-0.5,0.0,0.0,0.0,1.0,1.0,1.0,True,True,False,2.0,3.0,,,,595353
A,A_rand01,3,2,annealing,0,False,-0.5,-0.5,0.0,True,-0.5,-0.5,-0.5,0.0,0.0,0.0,1.0,1.0,1.0,True,True,False,1.6247,3.0,,,,1200000
A,A_rand01,3,2,lowrank,0,False,-0.5,-0.5,0.0,True,-0.5,-0.5,-0.5,0.0,0.0,0.0,1.0,1.0,1.0,True,True,False,0.041,3.0,,,1.0,3712
A,A_rand01,3,2,adapt_qaoa,0,False,-0.5,-0.5,0.0,True,-0.5,-0.5,-0.5,0.0,0.0,0.0,1.0,1.0,1.0,True,True,False,0.0698,3.0,72.0,38.0,,229
A,A_rand01,3,2,pce,0,False,0.0,-0.5,0.5,False,-0.5,-0.5,0.0,0.0,0.5,0.5,0.0,0.0,1.0,False,True,False,0.2636,2.0,,,1.5,435
A,A_rand01,3,2,dirac3_sim,0,False,-0.5,-0.5,0.0,True,-0.5,-0.5,-0.5,0.0,0.0,0.0,1.0,1.0,1.0,True,True,False,0.0749,,,,,2000
A,A_rand01,3,2,random,1,False,-0.5,-0.5,0.0,True,-0.5,-0.5,-0.5,0.0,0.0,0.0,1.0,1.0,1.0,True,True,False,2.0,3.0,,,,597395
A,A_rand01,3,2,annealing,1,False,-0.5,-0.5,0.0,True,-0.5,-0.5,-0.5,0.0,0.0,0.0,1.0,1.0,1.0,True,True,False,1.6341,3.0,,,,1200000
A,A_rand01,3,2,lowrank,1,False,-0.5,-0.5,0.0,True,-0.5,-0.5,-0.5,0.0,0.0,0.0,1.0,1.0,1.0,True,True,False,0.0399,3.0,,,1.0,3712
A,A_rand01,3,2,adapt_qaoa,1,False,-0.5,-0.5,0.0,True,-0.5,-0.5,-0.5,0.0,0.0,0.0,1.0,1.0,1.0,True,True,False,0.0687,3.0,72.0,38.0,,229
A,A_rand01,3,2,pce,1,False,0.0,-0.5,0.5,False,-0.5,-0.5,0.0,0.0,0.5,0.5,0.0,0.0,1.0,False,True,False,0.2444,2.0,,,1.5,409
A,A_rand01,3,2,dirac3_sim,1,False,-0.5,-0.5,0.0,True,-0.5,-0.5,-0.5,0.0,0.0,0.0,1.0,1.0,1.0,True,True,False,0.0739,,,,,2000
A,A_rand01,3,2,random,2,False,-0.5,-0.5,0.0,True,-0.5,-0.5,-0.5,0.0,0.0,0.0,1.0,1.0,1.0,True,True,False,2.0,3.0,,,,592855
A,A_rand01,3,2,annealing,2,False,-0.5,-0.5,0.0,True,-0.5,-0.5,-0.5,0.0,0.0,0.0,1.0,1.0,1.0,True,True,False,1.6452,3.0,,,,1200000
A,A_rand01,3,2,lowrank,2,False,-0.5,-0.5,0.0,True,-0.5,-0.5,-0.5,0.0,0.0,0.0,1.0,1.0,1.0,True,True,False,0.04,3.0,,,1.0,3712
A,A_rand01,3,2,adapt_qaoa,2,False,-0.5,-0.5,0.0,True,-0.5,-0.5,-0.5,0.0,0.0,0.0,1.0,1.0,1.0,True,True,False,0.0651,3.0,72.0,38.0,,229
A,A_rand01,3,2,pce,2,False,0.0,-0.5,0.5,False,-0.5,-0.5,0.0,0.0,0.5,0.5,0.0,0.0,1.0,False,True,False,0.267,2.0,,,1.5,448
A,A_rand01,3,2,dirac3_sim,2,False,-0.5,-0.5,0.0,True,-0.5,-0.5,-0.5,0.0,0.0,0.0,1.0,1.0,1.0,True,True,False,0.0741,,,,,2000
A,A_rand02,1,1,random,0,False,-0.3,-0.3,0.0,True,-0.3,-0.3,-0.3,0.0,0.0,0.0,1.0,1.0,1.0,True,True,False,2.0,1.0,,,,1951795
A,A_rand02,1,1,annealing,0,False,-0.3,-0.3,0.0,True,-0.3,-0.3,-0.3,0.0,0.0,0.0,1.0,1.0,1.0,True,True,False,0.3306,1.0,,,,400000
A,A_rand02,1,1,lowrank,0,False,-0.3,-0.3,0.0,True,-0.3,-0.3,-0.3,0.0,0.0,0.0,1.0,1.0,1.0,True,True,False,0.0384,1.0,,,1.0,3712
A,A_rand02,1,1,adapt_qaoa,0,False,-0.3,-0.3,0.0,True,-0.3,-0.3,-0.3,0.0,0.0,0.0,1.0,1.0,1.0,True,True,False,0.0506,1.0,36.0,0.0,,216
A,A_rand02,1,1,pce,0,False,-0.3,-0.3,0.0,True,-0.3,-0.3,-0.3,0.0,0.0,0.0,1.0,1.0,1.0,True,True,False,0.1836,2.0,,,0.5,386
A,A_rand02,1,1,dirac3_sim,0,False,-0.3,-0.3,0.0,True,-0.3,-0.3,-0.3,0.0,0.0,0.0,1.0,1.0,1.0,True,True,False,0.0752,,,,,2000
A,A_rand02,1,1,random,1,False,-0.3,-0.3,0.0,True,-0.3,-0.3,-0.3,0.0,0.0,0.0,1.0,1.0,1.0,True,True,False,2.0,1.0,,,,2010039
A,A_rand02,1,1,annealing,1,False,-0.3,-0.3,0.0,True,-0.3,-0.3,-0.3,0.0,0.0,0.0,1.0,1.0,1.0,True,True,False,0.3224,1.0,,,,400000
A,A_rand02,1,1,lowrank,1,False,-0.3,-0.3,0.0,True,-0.3,-0.3,-0.3,0.0,0.0,0.0,1.0,1.0,1.0,True,True,False,0.0369,1.0,,,1.0,3712
A,A_rand02,1,1,adapt_qaoa,1,False,-0.3,-0.3,0.0,True,-0.3,-0.3,-0.3,0.0,0.0,0.0,1.0,1.0,1.0,True,True,False,0.0453,1.0,36.0,0.0,,216
A,A_rand02,1,1,pce,1,False,-0.3,-0.3,0.0,True,-0.3,-0.3,-0.3,0.0,0.0,0.0,1.0,1.0,1.0,True,True,False,0.2011,2.0,,,0.5,418
A,A_rand02,1,1,dirac3_sim,1,False,-0.3,-0.3,0.0,True,-0.3,-0.3,-0.3,0.0,0.0,0.0,1.0,1.0,1.0,True,True,False,0.0736,,,,,2000
A,A_rand02,1,1,random,2,False,-0.3,-0.3,0.0,True,-0.3,-0.3,-0.3,0.0,0.0,0.0,1.0,1.0,1.0,True,True,False,2.0,1.0,,,,1939026
A,A_rand02,1,1,annealing,2,False,-0.3,-0.3,0.0,True,-0.3,-0.3,-0.3,0.0,0.0,0.0,1.0,1.0,1.0,True,True,False,0.3333,1.0,,,,400000
A,A_rand02,1,1,lowrank,2,False,-0.3,-0.3,0.0,True,-0.3,-0.3,-0.3,0.0,0.0,0.0,1.0,1.0,1.0,True,True,False,0.0385,1.0,,,1.0,3712
A,A_rand02,1,1,adapt_qaoa,2,False,-0.3,-0.3,0.0,True,-0.3,-0.3,-0.3,0.0,0.0,0.0,1.0,1.0,1.0,True,True,False,0.047,1.0,36.0,0.0,,216
A,A_rand02,1,1,pce,2,False,-0.3,-0.3,0.0,True,-0.3,-0.3,-0.3,0.0,0.0,0.0,1.0,1.0,1.0,True,True,False,0.1893,2.0,,,0.5,391
A,A_rand02,1,1,dirac3_sim,2,False,-0.3,-0.3,0.0,True,-0.3,-0.3,-0.3,0.0,0.0,0.0,1.0,1.0,1.0,True,True,False,0.0751,,,,,2000
A,A_rand02,1,2,random,0,False,-0.3,-0.3,0.0,True,-0.3,-0.3,-0.3,0.0,0.0,0.0,1.0,1.0,1.0,True,True,False,2.0,1.0,,,,1863470
A,A_rand02,1,2,annealing,0,False,-0.3,-0.3,0.0,True,-0.3,-0.3,-0.3,0.0,0.0,0.0,1.0,1.0,1.0,True,True,False,0.3621,1.0,,,,400000
A,A_rand02,1,2,lowrank,0,False,-0.3,-0.3,0.0,True,-0.3,-0.3,-0.3,0.0,0.0,0.0,1.0,1.0,1.0,True,True,False,0.0385,1.0,,,1.0,3712
A,A_rand02,1,2,adapt_qaoa,0,False,-0.3,-0.3,0.0,True,-0.3,-0.3,-0.3,0.0,0.0,0.0,1.0,1.0,1.0,True,True,False,0.0466,1.0,36.0,0.0,,216
A,A_rand02,1,2,pce,0,False,-0.3,-0.3,0.0,True,-0.3,-0.3,-0.3,0.0,0.0,0.0,1.0,1.0,1.0,True,True,False,0.1861,2.0,,,0.5,386
A,A_rand02,1,2,dirac3_sim,0,False,-0.3,-0.3,0.0,True,-0.3,-0.3,-0.3,0.0,0.0,0.0,1.0,1.0,1.0,True,True,False,0.0758,,,,,2000
A,A_rand02,1,2,random,1,False,-0.3,-0.3,0.0,True,-0.3,-0.3,-0.3,0.0,0.0,0.0,1.0,1.0,1.0,True,True,False,2.0,1.0,,,,1947540
A,A_rand02,1,2,annealing,1,False,-0.3,-0.3,0.0,True,-0.3,-0.3,-0.3,0.0,0.0,0.0,1.0,1.0,1.0,True,True,False,0.3308,1.0,,,,400000
A,A_rand02,1,2,lowrank,1,False,-0.3,-0.3,0.0,True,-0.3,-0.3,-0.3,0.0,0.0,0.0,1.0,1.0,1.0,True,True,False,0.0364,1.0,,,1.0,3712
A,A_rand02,1,2,adapt_qaoa,1,False,-0.3,-0.3,0.0,True,-0.3,-0.3,-0.3,0.0,0.0,0.0,1.0,1.0,1.0,True,True,False,0.0471,1.0,36.0,0.0,,216
A,A_rand02,1,2,pce,1,False,-0.3,-0.3,0.0,True,-0.3,-0.3,-0.3,0.0,0.0,0.0,1.0,1.0,1.0,True,True,False,0.1949,2.0,,,0.5,418
A,A_rand02,1,2,dirac3_sim,1,False,-0.3,-0.3,0.0,True,-0.3,-0.3,-0.3,0.0,0.0,0.0,1.0,1.0,1.0,True,True,False,0.0745,,,,,2000
A,A_rand02,1,2,random,2,False,-0.3,-0.3,0.0,True,-0.3,-0.3,-0.3,0.0,0.0,0.0,1.0,1.0,1.0,True,True,False,2.0,1.0,,,,1959305
A,A_rand02,1,2,annealing,2,False,-0.3,-0.3,0.0,True,-0.3,-0.3,-0.3,0.0,0.0,0.0,1.0,1.0,1.0,True,True,False,0.3535,1.0,,,,400000
A,A_rand02,1,2,lowrank,2,False,-0.3,-0.3,0.0,True,-0.3,-0.3,-0.3,0.0,0.0,0.0,1.0,1.0,1.0,True,True,False,0.0383,1.0,,,1.0,3712
A,A_rand02,1,2,adapt_qaoa,2,False,-0.3,-0.3,0.0,True,-0.3,-0.3,-0.3,0.0,0.0,0.0,1.0,1.0,1.0,True,True,False,0.0518,1.0,36.0,0.0,,216
A,A_rand02,1,2,pce,2,False,-0.3,-0.3,0.0,True,-0.3,-0.3,-0.3,0.0,0.0,0.0,1.0,1.0,1.0,True,True,False,0.1926,2.0,,,0.5,391
A,A_rand02,1,2,dirac3_sim,2,False,-0.3,-0.3,0.0,True,-0.3,-0.3,-0.3,0.0,0.0,0.0,1.0,1.0,1.0,True,True,False,0.0748,,,,,2000
A,A_rand03,3,1,random,0,False,-2.6,-2.6,0.0,True,-2.6,-2.6,-2.6,0.0,0.0,0.0,1.0,1.0,1.0,True,True,False,2.0003,3.0,,,,654665
A,A_rand03,3,1,annealing,0,False,-2.6,-2.6,0.0,True,-2.6,-2.6,-2.6,0.0,0.0,0.0,1.0,1.0,1.0,True,True,False,1.564,3.0,,,,1200000
A,A_rand03,3,1,lowrank,0,False,-2.6,-2.6,0.0,True,-2.6,-2.6,-2.6,0.0,0.0,0.0,1.0,1.0,1.0,True,True,False,0.0414,3.0,,,1.0,3712
A,A_rand03,3,1,adapt_qaoa,0,False,-2.6,-2.6,0.0,True,-2.6,-2.6,-2.6,0.0,0.0,0.0,1.0,1.0,1.0,True,True,False,0.0606,3.0,75.0,36.0,,229
A,A_rand03,3,1,pce,0,False,0.0,-2.6,2.6,False,-2.6,-2.6,0.0,0.0,2.6,2.6,0.0,0.0,1.0,False,True,False,0.2451,2.0,,,1.5,399
A,A_rand03,3,1,dirac3_sim,0,False,-2.6,-2.6,0.0,True,-2.6,-2.6,-2.6,0.0,0.0,0.0,1.0,1.0,1.0,True,True,False,0.0738,,,,,2000
A,A_rand03,3,1,random,1,False,-2.6,-2.6,0.0,True,-2.6,-2.6,-2.6,0.0,0.0,0.0,1.0,1.0,1.0,True,True,False,2.0,3.0,,,,593737
A,A_rand03,3,1,annealing,1,False,-2.6,-2.6,0.0,True,-2.6,-2.6,-2.6,0.0,0.0,0.0,1.0,1.0,1.0,True,True,False,1.5955,3.0,,,,1200000
A,A_rand03,3,1,lowrank,1,False,-2.6,-2.6,0.0,True,-2.6,-2.6,-2.6,0.0,0.0,0.0,1.0,1.0,1.0,True,True,False,0.0388,3.0,,,1.0,3712
A,A_rand03,3,1,adapt_qaoa,1,False,-2.6,-2.6,0.0,True,-2.6,-2.6,-2.6,0.0,0.0,0.0,1.0,1.0,1.0,True,True,False,0.0638,3.0,75.0,36.0,,229
A,A_rand03,3,1,pce,1,False,0.0,-2.6,2.6,False,-2.6,-2.6,0.0,0.0,2.6,2.6,0.0,0.0,1.0,False,True,False,0.3715,2.0,,,1.5,463
A,A_rand03,3,1,dirac3_sim,1,False,-2.6,-2.6,0.0,True,-2.6,-2.6,-2.6,0.0,0.0,0.0,1.0,1.0,1.0,True,True,False,0.0803,,,,,2000
A,A_rand03,3,1,random,2,False,-2.6,-2.6,0.0,True,-2.6,-2.6,-2.6,0.0,0.0,0.0,1.0,1.0,1.0,True,True,False,2.0,3.0,,,,640199
A,A_rand03,3,1,annealing,2,False,-2.6,-2.6,0.0,True,-2.6,-2.6,-2.6,0.0,0.0,0.0,1.0,1.0,1.0,True,True,False,1.6162,3.0,,,,1200000
A,A_rand03,3,1,lowrank,2,False,-2.6,-2.6,0.0,True,-2.6,-2.6,-2.6,0.0,0.0,0.0,1.0,1.0,1.0,True,True,False,0.0409,3.0,,,1.0,3712
A,A_rand03,3,1,adapt_qaoa,2,False,-2.6,-2.6,0.0,True,-2.6,-2.6,-2.6,0.0,0.0,0.0,1.0,1.0,1.0,True,True,False,0.0662,3.0,75.0,36.0,,229
A,A_rand03,3,1,pce,2,False,0.0,-2.6,2.6,False,-2.6,-2.6,0.0,0.0,2.6,2.6,0.0,0.0,1.0,False,True,False,0.2705,2.0,,,1.5,449
A,A_rand03,3,1,dirac3_sim,2,False,0.0,-2.6,2.6,False,-2.6,-2.6,0.0,0.0,2.6,2.6,0.8571,0.75,1.0,False,True,False,0.0739,,,,,2000
A,A_rand03,3,2,random,0,False,-2.6,-2.6,0.0,True,-2.6,-2.6,-2.6,0.0,0.0,0.0,1.0,1.0,1.0,True,True,False,2.0,3.0,,,,655100
A,A_rand03,3,2,annealing,0,False,-2.6,-2.6,0.0,True,-2.6,-2.6,-2.6,0.0,0.0,0.0,1.0,1.0,1.0,True,True,False,1.5692,3.0,,,,1200000
A,A_rand03,3,2,lowrank,0,False,-2.6,-2.6,0.0,True,-2.6,-2.6,-2.6,0.0,0.0,0.0,1.0,1.0,1.0,True,True,False,0.0429,3.0,,,1.0,3712
A,A_rand03,3,2,adapt_qaoa,0,False,-2.6,-2.6,0.0,True,-2.6,-2.6,-2.6,0.0,0.0,0.0,1.0,1.0,1.0,True,True,False,0.068,3.0,75.0,36.0,,229
A,A_rand03,3,2,pce,0,False,0.0,-2.6,2.6,False,-2.6,-2.6,0.0,0.0,2.6,2.6,0.0,0.0,1.0,False,True,False,0.2589,2.0,,,1.5,399
A,A_rand03,3,2,dirac3_sim,0,False,-2.6,-2.6,0.0,True,-2.6,-2.6,-2.6,0.0,0.0,0.0,1.0,1.0,1.0,True,True,False,0.0757,,,,,2000
A,A_rand03,3,2,random,1,False,-2.6,-2.6,0.0,True,-2.6,-2.6,-2.6,0.0,0.0,0.0,1.0,1.0,1.0,True,True,False,2.0,3.0,,,,647942
A,A_rand03,3,2,annealing,1,False,-2.6,-2.6,0.0,True,-2.6,-2.6,-2.6,0.0,0.0,0.0,1.0,1.0,1.0,True,True,False,1.5611,3.0,,,,1200000
A,A_rand03,3,2,lowrank,1,False,-2.6,-2.6,0.0,True,-2.6,-2.6,-2.6,0.0,0.0,0.0,1.0,1.0,1.0,True,True,False,0.0405,3.0,,,1.0,3712
A,A_rand03,3,2,adapt_qaoa,1,False,-2.6,-2.6,0.0,True,-2.6,-2.6,-2.6,0.0,0.0,0.0,1.0,1.0,1.0,True,True,False,0.0581,3.0,75.0,36.0,,229
A,A_rand03,3,2,pce,1,False,0.0,-2.6,2.6,False,-2.6,-2.6,0.0,0.0,2.6,2.6,0.0,0.0,1.0,False,True,False,0.2813,2.0,,,1.5,463
A,A_rand03,3,2,dirac3_sim,1,False,-2.6,-2.6,0.0,True,-2.6,-2.6,-2.6,0.0,0.0,0.0,1.0,1.0,1.0,True,True,False,0.0757,,,,,2000
A,A_rand03,3,2,random,2,False,-2.6,-2.6,0.0,True,-2.6,-2.6,-2.6,0.0,0.0,0.0,1.0,1.0,1.0,True,True,False,2.0,3.0,,,,642132
A,A_rand03,3,2,annealing,2,False,-2.6,-2.6,0.0,True,-2.6,-2.6,-2.6,0.0,0.0,0.0,1.0,1.0,1.0,True,True,False,1.5701,3.0,,,,1200000
A,A_rand03,3,2,lowrank,2,False,-2.6,-2.6,0.0,True,-2.6,-2.6,-2.6,0.0,0.0,0.0,1.0,1.0,1.0,True,True,False,0.0418,3.0,,,1.0,3712
A,A_rand03,3,2,adapt_qaoa,2,False,-2.6,-2.6,0.0,True,-2.6,-2.6,-2.6,0.0,0.0,0.0,1.0,1.0,1.0,True,True,False,0.0632,3.0,75.0,36.0,,229
A,A_rand03,3,2,pce,2,False,0.0,-2.6,2.6,False,-2.6,-2.6,0.0,0.0,2.6,2.6,0.0,0.0,1.0,False,True,False,0.2672,2.0,,,1.5,449
A,A_rand03,3,2,dirac3_sim,2,False,0.0,-2.6,2.6,False,-2.6,-2.6,0.0,0.0,2.6,2.6,0.8571,0.75,1.0,False,True,False,0.0811,,,,,2000
A,A_rand04,3,1,random,0,False,-3.6,-3.6,0.0,True,-4.6,-3.6,-3.6,1.0,0.0,1.0,0.0,0.0,0.0,False,True,False,2.0,3.0,,,,586865
A,A_rand04,3,1,annealing,0,False,-3.6,-3.6,0.0,True,-4.6,-3.6,-3.6,1.0,0.0,1.0,0.0,0.0,0.0,False,True,False,1.6419,3.0,,,,1200000
A,A_rand04,3,1,lowrank,0,False,-3.6,-3.6,0.0,True,-4.6,-3.6,-3.6,1.0,0.0,1.0,0.0,0.0,0.0,False,True,False,0.045,3.0,,,1.0,3712
A,A_rand04,3,1,adapt_qaoa,0,False,-3.6,-3.6,0.0,True,-4.6,-3.6,-3.6,1.0,0.0,1.0,0.0,0.0,0.0,False,True,False,0.0594,3.0,85.0,36.0,,229
A,A_rand04,3,1,pce,0,False,-3.6,-3.6,0.0,True,-4.6,-3.6,-3.6,1.0,0.0,1.0,0.0,0.0,0.0,False,True,False,0.2685,2.0,,,1.5,451
A,A_rand04,3,1,dirac3_sim,0,False,-3.6,-3.6,0.0,True,-4.6,-3.6,-3.6,1.0,0.0,1.0,0.0,0.0,0.0,False,True,False,0.0733,,,,,2000
A,A_rand04,3,1,random,1,False,-3.6,-3.6,0.0,True,-4.6,-3.6,-3.6,1.0,0.0,1.0,0.0,0.0,0.0,False,True,False,2.0,3.0,,,,565094
A,A_rand04,3,1,annealing,1,False,-3.6,-3.6,0.0,True,-4.6,-3.6,-3.6,1.0,0.0,1.0,0.0,0.0,0.0,False,True,False,1.8662,3.0,,,,1200000
A,A_rand04,3,1,lowrank,1,False,-3.6,-3.6,0.0,True,-4.6,-3.6,-3.6,1.0,0.0,1.0,0.0,0.0,0.0,False,True,False,0.0463,3.0,,,1.0,3712
A,A_rand04,3,1,adapt_qaoa,1,False,-3.6,-3.6,0.0,True,-4.6,-3.6,-3.6,1.0,0.0,1.0,0.0,0.0,0.0,False,True,False,0.0655,3.0,85.0,36.0,,229
A,A_rand04,3,1,pce,1,False,-3.6,-3.6,0.0,True,-4.6,-3.6,-3.6,1.0,0.0,1.0,0.0,0.0,0.0,False,True,False,0.2882,2.0,,,1.5,433
A,A_rand04,3,1,dirac3_sim,1,False,-3.6,-3.6,0.0,True,-4.6,-3.6,-3.6,1.0,0.0,1.0,0.0,0.0,0.0,False,True,False,0.0821,,,,,2000
A,A_rand04,3,1,random,2,False,-3.6,-3.6,0.0,True,-4.6,-3.6,-3.6,1.0,0.0,1.0,0.0,0.0,0.0,False,True,False,2.0,3.0,,,,588115
A,A_rand04,3,1,annealing,2,False,-3.6,-3.6,0.0,True,-4.6,-3.6,-3.6,1.0,0.0,1.0,0.0,0.0,0.0,False,True,False,1.6524,3.0,,,,1200000
A,A_rand04,3,1,lowrank,2,False,-3.6,-3.6,0.0,True,-4.6,-3.6,-3.6,1.0,0.0,1.0,0.0,0.0,0.0,False,True,False,0.039,3.0,,,1.0,3712
A,A_rand04,3,1,adapt_qaoa,2,False,-3.6,-3.6,0.0,True,-4.6,-3.6,-3.6,1.0,0.0,1.0,0.0,0.0,0.0,False,True,False,0.0626,3.0,85.0,36.0,,229
A,A_rand04,3,1,pce,2,False,-3.6,-3.6,0.0,True,-4.6,-3.6,-3.6,1.0,0.0,1.0,0.0,0.0,0.0,False,True,False,0.2696,2.0,,,1.5,451
A,A_rand04,3,1,dirac3_sim,2,False,-3.6,-3.6,0.0,True,-4.6,-3.6,-3.6,1.0,0.0,1.0,0.0,0.0,0.0,False,True,False,0.0744,,,,,2000
A,A_rand04,3,2,random,0,False,-3.6,-3.6,0.0,True,-4.6,-3.6,-3.6,1.0,0.0,1.0,0.0,0.0,0.0,False,True,False,2.0,3.0,,,,598612
A,A_rand04,3,2,annealing,0,False,-3.6,-3.6,0.0,True,-4.6,-3.6,-3.6,1.0,0.0,1.0,0.0,0.0,0.0,False,True,False,1.6519,3.0,,,,1200000
A,A_rand04,3,2,lowrank,0,False,-3.6,-3.6,0.0,True,-4.6,-3.6,-3.6,1.0,0.0,1.0,0.0,0.0,0.0,False,True,False,0.0389,3.0,,,1.0,3712
A,A_rand04,3,2,adapt_qaoa,0,False,-3.6,-3.6,0.0,True,-4.6,-3.6,-3.6,1.0,0.0,1.0,0.0,0.0,0.0,False,True,False,0.0587,3.0,85.0,36.0,,229
A,A_rand04,3,2,pce,0,False,-3.6,-3.6,0.0,True,-4.6,-3.6,-3.6,1.0,0.0,1.0,0.0,0.0,0.0,False,True,False,0.2768,2.0,,,1.5,451
A,A_rand04,3,2,dirac3_sim,0,False,-3.6,-3.6,0.0,True,-4.6,-3.6,-3.6,1.0,0.0,1.0,0.0,0.0,0.0,False,True,False,0.0738,,,,,2000
A,A_rand04,3,2,random,1,False,-3.6,-3.6,0.0,True,-4.6,-3.6,-3.6,1.0,0.0,1.0,0.0,0.0,0.0,False,True,False,2.0,3.0,,,,589605
A,A_rand04,3,2,annealing,1,False,-3.6,-3.6,0.0,True,-4.6,-3.6,-3.6,1.0,0.0,1.0,0.0,0.0,0.0,False,True,False,1.6366,3.0,,,,1200000
A,A_rand04,3,2,lowrank,1,False,-3.6,-3.6,0.0,True,-4.6,-3.6,-3.6,1.0,0.0,1.0,0.0,0.0,0.0,False,True,False,0.0431,3.0,,,1.0,3712
A,A_rand04,3,2,adapt_qaoa,1,False,-3.6,-3.6,0.0,True,-4.6,-3.6,-3.6,1.0,0.0,1.0,0.0,0.0,0.0,False,True,False,0.0615,3.0,85.0,36.0,,229
A,A_rand04,3,2,pce,1,False,-3.6,-3.6,0.0,True,-4.6,-3.6,-3.6,1.0,0.0,1.0,0.0,0.0,0.0,False,True,False,0.2607,2.0,,,1.5,433
A,A_rand04,3,2,dirac3_sim,1,False,-3.6,-3.6,0.0,True,-4.6,-3.6,-3.6,1.0,0.0,1.0,0.0,0.0,0.0,False,True,False,0.0759,,,,,2000
A,A_rand04,3,2,random,2,False,-3.6,-3.6,0.0,True,-4.6,-3.6,-3.6,1.0,0.0,1.0,0.0,0.0,0.0,False,True,False,2.0,3.0,,,,590327
A,A_rand04,3,2,annealing,2,False,-3.6,-3.6,0.0,True,-4.6,-3.6,-3.6,1.0,0.0,1.0,0.0,0.0,0.0,False,True,False,1.6962,3.0,,,,1200000
A,A_rand04,3,2,lowrank,2,False,-3.6,-3.6,0.0,True,-4.6,-3.6,-3.6,1.0,0.0,1.0,0.0,0.0,0.0,False,True,False,0.0405,3.0,,,1.0,3712
A,A_rand04,3,2,adapt_qaoa,2,False,-3.6,-3.6,0.0,True,-4.6,-3.6,-3.6,1.0,0.0,1.0,0.0,0.0,0.0,False,True,False,0.0579,3.0,85.0,36.0,,229
A,A_rand04,3,2,pce,2,False,-3.6,-3.6,0.0,True,-4.6,-3.6,-3.6,1.0,0.0,1.0,0.0,0.0,0.0,False,True,False,0.2681,2.0,,,1.5,451
A,A_rand04,3,2,dirac3_sim,2,False,-3.6,-3.6,0.0,True,-4.6,-3.6,-3.6,1.0,0.0,1.0,0.0,0.0,0.0,False,True,False,0.0752,,,,,2000
A,A_rand05,12,1,random,0,False,-0.4,-0.4,0.0,True,-0.4,-0.4,-0.4,0.0,0.0,0.0,1.0,1.0,1.0,True,True,False,2.0,12.0,,,,62957
A,A_rand05,12,1,annealing,0,False,-0.4,-0.4,0.0,True,-0.4,-0.4,-0.4,0.0,0.0,0.0,1.0,1.0,1.0,True,True,False,2.0,12.0,,,,429792
A,A_rand05,12,1,lowrank,0,False,-0.4,-0.4,0.0,True,-0.4,-0.4,-0.4,0.0,0.0,0.0,1.0,1.0,1.0,True,True,False,0.0433,12.0,,,2.4,3712
A,A_rand05,12,1,adapt_qaoa,0,False,-0.4,-0.4,0.0,True,-0.4,-0.4,-0.4,0.0,0.0,0.0,1.0,1.0,1.0,True,True,False,1.4613,12.0,272.0,792.0,,1494
A,A_rand05,12,1,pce,0,False,0.0,-0.4,0.4,False,-0.4,-0.4,0.0,0.0,0.4,0.4,0.0,0.0,1.0,False,True,False,2.3847,3.0,,,4.0,1618
A,A_rand05,12,1,dirac3_sim,0,False,2.9,-0.4,3.3,False,-0.4,-0.4,-0.4,0.0,0.0,0.0,1.0,1.0,1.0,True,False,True,0.0807,,,,,2000
A,A_rand05,12,1,random,1,False,-0.4,-0.4,0.0,True,-0.4,-0.4,-0.4,0.0,0.0,0.0,1.0,1.0,1.0,True,True,False,2.0,12.0,,,,61789
A,A_rand05,12,1,annealing,1,False,-0.4,-0.4,0.0,True,-0.4,-0.4,-0.4,0.0,0.0,0.0,1.0,1.0,1.0,True,True,False,2.0,12.0,,,,425796
A,A_rand05,12,1,lowrank,1,False,-0.4,-0.4,0.0,True,-0.4,-0.4,-0.4,0.0,0.0,0.0,1.0,1.0,1.0,True,True,False,0.0455,12.0,,,2.4,3712
A,A_rand05,12,1,adapt_qaoa,1,False,-0.4,-0.4,0.0,True,-0.4,-0.4,-0.4,0.0,0.0,0.0,1.0,1.0,1.0,True,True,False,1.3834,12.0,272.0,792.0,,1494
A,A_rand05,12,1,pce,1,False,0.0,-0.4,0.4,False,-0.4,-0.4,0.0,0.0,0.4,0.4,0.0,0.0,1.0,False,True,False,2.063,3.0,,,4.0,1522
A,A_rand05,12,1,dirac3_sim,1,False,1.9,-0.4,2.3,False,-0.4,-0.4,1.9,0.0,2.3,2.3,0.0,0.0,0.0,False,True,False,0.08,,,,,2000
A,A_rand05,12,1,random,2,False,-0.4,-0.4,0.0,True,-0.4,-0.4,-0.4,0.0,0.0,0.0,1.0,1.0,1.0,True,True,False,2.0,12.0,,,,63824
A,A_rand05,12,1,annealing,2,False,-0.4,-0.4,0.0,True,-0.4,-0.4,-0.4,0.0,0.0,0.0,1.0,1.0,1.0,True,True,False,2.0,12.0,,,,428220
A,A_rand05,12,1,lowrank,2,False,-0.4,-0.4,0.0,True,-0.4,-0.4,-0.4,0.0,0.0,0.0,1.0,1.0,1.0,True,True,False,0.0435,12.0,,,2.4,3712
A,A_rand05,12,1,adapt_qaoa,2,False,-0.4,-0.4,0.0,True,-0.4,-0.4,-0.4,0.0,0.0,0.0,1.0,1.0,1.0,True,True,False,1.3482,12.0,272.0,792.0,,1494
A,A_rand05,12,1,pce,2,False,0.0,-0.4,0.4,False,-0.4,-0.4,0.0,0.0,0.4,0.4,0.0,0.0,1.0,False,True,False,2.4922,3.0,,,4.0,1800
A,A_rand05,12,1,dirac3_sim,2,False,2.3,-0.4,2.7,False,-0.4,-0.4,0.5,0.0,0.9,0.9,0.8889,0.8,1.0,False,False,True,0.077,,,,,2000
A,A_rand05,12,2,random,0,False,-0.4,-0.4,0.0,True,-0.4,-0.4,-0.4,0.0,0.0,0.0,1.0,1.0,1.0,True,True,False,2.0,12.0,,,,63176
A,A_rand05,12,2,annealing,0,False,-0.4,-0.4,0.0,True,-0.4,-0.4,-0.4,0.0,0.0,0.0,1.0,1.0,1.0,True,True,False,2.0,12.0,,,,431076
A,A_rand05,12,2,lowrank,0,False,-0.4,-0.4,0.0,True,-0.4,-0.4,-0.4,0.0,0.0,0.0,1.0,1.0,1.0,True,True,False,0.0475,12.0,,,2.4,3712
A,A_rand05,12,2,adapt_qaoa,0,False,-0.4,-0.4,0.0,True,-0.4,-0.4,-0.4,0.0,0.0,0.0,1.0,1.0,1.0,True,True,False,1.3532,12.0,272.0,792.0,,1494
A,A_rand05,12,2,pce,0,False,0.0,-0.4,0.4,False,-0.4,-0.4,0.0,0.0,0.4,0.4,0.0,0.0,1.0,False,True,False,2.356,3.0,,,4.0,1618
A,A_rand05,12,2,dirac3_sim,0,False,2.9,-0.4,3.3,False,-0.4,-0.4,-0.4,0.0,0.0,0.0,1.0,1.0,1.0,True,False,True,0.0782,,,,,2000
A,A_rand05,12,2,random,1,False,-0.4,-0.4,0.0,True,-0.4,-0.4,-0.4,0.0,0.0,0.0,1.0,1.0,1.0,True,True,False,2.0,12.0,,,,63869
A,A_rand05,12,2,annealing,1,False,-0.4,-0.4,0.0,True,-0.4,-0.4,-0.4,0.0,0.0,0.0,1.0,1.0,1.0,True,True,False,2.0,12.0,,,,423960
A,A_rand05,12,2,lowrank,1,False,-0.4,-0.4,0.0,True,-0.4,-0.4,-0.4,0.0,0.0,0.0,1.0,1.0,1.0,True,True,False,0.0459,12.0,,,2.4,3712
A,A_rand05,12,2,adapt_qaoa,1,False,-0.4,-0.4,0.0,True,-0.4,-0.4,-0.4,0.0,0.0,0.0,1.0,1.0,1.0,True,True,False,1.3611,12.0,272.0,792.0,,1494
A,A_rand05,12,2,pce,1,False,0.0,-0.4,0.4,False,-0.4,-0.4,0.0,0.0,0.4,0.4,0.0,0.0,1.0,False,True,False,2.0799,3.0,,,4.0,1522
A,A_rand05,12,2,dirac3_sim,1,False,1.9,-0.4,2.3,False,-0.4,-0.4,1.9,0.0,2.3,2.3,0.0,0.0,0.0,False,True,False,0.0777,,,,,2000
A,A_rand05,12,2,random,2,False,-0.4,-0.4,0.0,True,-0.4,-0.4,-0.4,0.0,0.0,0.0,1.0,1.0,1.0,True,True,False,2.0,12.0,,,,62824
A,A_rand05,12,2,annealing,2,False,-0.4,-0.4,0.0,True,-0.4,-0.4,-0.4,0.0,0.0,0.0,1.0,1.0,1.0,True,True,False,2.0,12.0,,,,426540
A,A_rand05,12,2,lowrank,2,False,-0.4,-0.4,0.0,True,-0.4,-0.4,-0.4,0.0,0.0,0.0,1.0,1.0,1.0,True,True,False,0.0449,12.0,,,2.4,3712
A,A_rand05,12,2,adapt_qaoa,2,False,-0.4,-0.4,0.0,True,-0.4,-0.4,-0.4,0.0,0.0,0.0,1.0,1.0,1.0,True,True,False,1.3613,12.0,272.0,792.0,,1494
A,A_rand05,12,2,pce,2,False,0.0,-0.4,0.4,False,-0.4,-0.4,0.0,0.0,0.4,0.4,0.0,0.0,1.0,False,True,False,2.4593,3.0,,,4.0,1800
A,A_rand05,12,2,dirac3_sim,2,False,2.3,-0.4,2.7,False,-0.4,-0.4,0.5,0.0,0.9,0.9,0.8889,0.8,1.0,False,False,True,0.0786,,,,,2000
A,A_rand06,7,1,random,0,False,-4.8,-4.8,0.0,True,-4.8,-4.8,-4.8,0.0,0.0,0.0,1.0,1.0,1.0,True,True,False,2.0,7.0,,,,160900
A,A_rand06,7,1,annealing,0,False,-4.8,-4.8,0.0,True,-4.8,-4.8,-4.8,0.0,0.0,0.0,1.0,1.0,1.0,True,True,False,2.0,7.0,,,,702205
A,A_rand06,7,1,lowrank,0,False,-4.8,-4.8,0.0,True,-4.8,-4.8,-4.8,0.0,0.0,0.0,1.0,1.0,1.0,True,True,False,0.0404,7.0,,,1.75,3712
A,A_rand06,7,1,adapt_qaoa,0,False,-4.8,-4.8,0.0,True,-4.8,-4.8,-4.8,0.0,0.0,0.0,1.0,1.0,1.0,True,True,False,0.3846,7.0,198.0,260.0,,1435
A,A_rand06,7,1,pce,0,False,-1.2,-4.8,3.6,False,-4.8,-4.8,-1.2,0.0,3.6,3.6,0.75,0.6,1.0,False,True,False,0.5172,2.0,,,3.5,600
A,A_rand06,7,1,dirac3_sim,0,False,-4.8,-4.8,0.0,True,-4.8,-4.8,-4.8,0.0,0.0,0.0,1.0,1.0,1.0,True,True,False,0.0765,,,,,2000
A,A_rand06,7,1,random,1,False,-4.8,-4.8,0.0,True,-4.8,-4.8,-4.8,0.0,0.0,0.0,1.0,1.0,1.0,True,True,False,2.0,7.0,,,,160803
A,A_rand06,7,1,annealing,1,False,-4.8,-4.8,0.0,True,-4.8,-4.8,-4.8,0.0,0.0,0.0,1.0,1.0,1.0,True,True,False,2.0,7.0,,,,695198
A,A_rand06,7,1,lowrank,1,False,-4.8,-4.8,0.0,True,-4.8,-4.8,-4.8,0.0,0.0,0.0,1.0,1.0,1.0,True,True,False,0.0402,7.0,,,1.75,3712
A,A_rand06,7,1,adapt_qaoa,1,False,-4.8,-4.8,0.0,True,-4.8,-4.8,-4.8,0.0,0.0,0.0,1.0,1.0,1.0,True,True,False,0.363,7.0,198.0,260.0,,1435
A,A_rand06,7,1,pce,1,False,-1.2,-4.8,3.6,False,-4.8,-4.8,-1.2,0.0,3.6,3.6,0.75,0.6,1.0,False,True,False,0.6214,2.0,,,3.5,723
A,A_rand06,7,1,dirac3_sim,1,False,-3.9,-4.8,0.9,False,-4.8,-4.8,-3.9,0.0,0.9,0.9,0.8889,0.8,1.0,False,True,False,0.0769,,,,,2000
A,A_rand06,7,1,random,2,False,-4.8,-4.8,0.0,True,-4.8,-4.8,-4.8,0.0,0.0,0.0,1.0,1.0,1.0,True,True,False,2.0,7.0,,,,160830
A,A_rand06,7,1,annealing,2,False,-4.8,-4.8,0.0,True,-4.8,-4.8,-4.8,0.0,0.0,0.0,1.0,1.0,1.0,True,True,False,2.0,7.0,,,,711725
A,A_rand06,7,1,lowrank,2,False,-4.8,-4.8,0.0,True,-4.8,-4.8,-4.8,0.0,0.0,0.0,1.0,1.0,1.0,True,True,False,0.0412,7.0,,,1.75,3712
A,A_rand06,7,1,adapt_qaoa,2,False,-4.8,-4.8,0.0,True,-4.8,-4.8,-4.8,0.0,0.0,0.0,1.0,1.0,1.0,True,True,False,0.3821,7.0,198.0,260.0,,1435
A,A_rand06,7,1,pce,2,False,-1.2,-4.8,3.6,False,-4.8,-4.8,-1.2,0.0,3.6,3.6,0.75,0.6,1.0,False,True,False,0.6683,2.0,,,3.5,786
A,A_rand06,7,1,dirac3_sim,2,False,-4.8,-4.8,0.0,True,-4.8,-4.8,-4.8,0.0,0.0,0.0,1.0,1.0,1.0,True,True,False,0.0775,,,,,2000
A,A_rand06,7,2,random,0,False,-4.8,-4.8,0.0,True,-4.8,-4.8,-4.8,0.0,0.0,0.0,1.0,1.0,1.0,True,True,False,2.0,7.0,,,,157230
A,A_rand06,7,2,annealing,0,False,-4.8,-4.8,0.0,True,-4.8,-4.8,-4.8,0.0,0.0,0.0,1.0,1.0,1.0,True,True,False,2.0,7.0,,,,699314
A,A_rand06,7,2,lowrank,0,False,-4.8,-4.8,0.0,True,-4.8,-4.8,-4.8,0.0,0.0,0.0,1.0,1.0,1.0,True,True,False,0.0419,7.0,,,1.75,3712
A,A_rand06,7,2,adapt_qaoa,0,False,-4.8,-4.8,0.0,True,-4.8,-4.8,-4.8,0.0,0.0,0.0,1.0,1.0,1.0,True,True,False,0.3734,7.0,198.0,260.0,,1435
A,A_rand06,7,2,pce,0,False,-1.2,-4.8,3.6,False,-4.8,-4.8,-1.2,0.0,3.6,3.6,0.75,0.6,1.0,False,True,False,0.5036,2.0,,,3.5,600
A,A_rand06,7,2,dirac3_sim,0,False,-4.8,-4.8,0.0,True,-4.8,-4.8,-4.8,0.0,0.0,0.0,1.0,1.0,1.0,True,True,False,0.0778,,,,,2000
A,A_rand06,7,2,random,1,False,-4.8,-4.8,0.0,True,-4.8,-4.8,-4.8,0.0,0.0,0.0,1.0,1.0,1.0,True,True,False,2.0,7.0,,,,161936
A,A_rand06,7,2,annealing,1,False,-4.8,-4.8,0.0,True,-4.8,-4.8,-4.8,0.0,0.0,0.0,1.0,1.0,1.0,True,True,False,2.0,7.0,,,,707679
A,A_rand06,7,2,lowrank,1,False,-4.8,-4.8,0.0,True,-4.8,-4.8,-4.8,0.0,0.0,0.0,1.0,1.0,1.0,True,True,False,0.045,7.0,,,1.75,3712
A,A_rand06,7,2,adapt_qaoa,1,False,-4.8,-4.8,0.0,True,-4.8,-4.8,-4.8,0.0,0.0,0.0,1.0,1.0,1.0,True,True,False,0.3629,7.0,198.0,260.0,,1435
A,A_rand06,7,2,pce,1,False,-1.2,-4.8,3.6,False,-4.8,-4.8,-1.2,0.0,3.6,3.6,0.75,0.6,1.0,False,True,False,0.6131,2.0,,,3.5,723
A,A_rand06,7,2,dirac3_sim,1,False,-3.9,-4.8,0.9,False,-4.8,-4.8,-3.9,0.0,0.9,0.9,0.8889,0.8,1.0,False,True,False,0.0744,,,,,2000
A,A_rand06,7,2,random,2,False,-4.8,-4.8,0.0,True,-4.8,-4.8,-4.8,0.0,0.0,0.0,1.0,1.0,1.0,True,True,False,2.0,7.0,,,,160600
A,A_rand06,7,2,annealing,2,False,-4.8,-4.8,0.0,True,-4.8,-4.8,-4.8,0.0,0.0,0.0,1.0,1.0,1.0,True,True,False,2.0,7.0,,,,702611
A,A_rand06,7,2,lowrank,2,False,-4.8,-4.8,0.0,True,-4.8,-4.8,-4.8,0.0,0.0,0.0,1.0,1.0,1.0,True,True,False,0.0425,7.0,,,1.75,3712
A,A_rand06,7,2,adapt_qaoa,2,False,-4.8,-4.8,0.0,True,-4.8,-4.8,-4.8,0.0,0.0,0.0,1.0,1.0,1.0,True,True,False,0.3683,7.0,198.0,260.0,,1435
A,A_rand06,7,2,pce,2,False,-1.2,-4.8,3.6,False,-4.8,-4.8,-1.2,0.0,3.6,3.6,0.75,0.6,1.0,False,True,False,0.6714,2.0,,,3.5,786
A,A_rand06,7,2,dirac3_sim,2,False,-4.8,-4.8,0.0,True,-4.8,-4.8,-4.8,0.0,0.0,0.0,1.0,1.0,1.0,True,True,False,0.0789,,,,,2000
A,A_rand07,9,1,random,0,False,-5.1,-5.1,0.0,True,-5.1,-5.1,-5.1,0.0,0.0,0.0,1.0,1.0,1.0,True,True,False,2.0,9.0,,,,105736
A,A_rand07,9,1,annealing,0,False,-5.1,-5.1,0.0,True,-5.1,-5.1,-5.1,0.0,0.0,0.0,1.0,1.0,1.0,True,True,False,2.0,9.0,,,,548550
A,A_rand07,9,1,lowrank,0,False,-5.1,-5.1,0.0,True,-5.1,-5.1,-5.1,0.0,0.0,0.0,1.0,1.0,1.0,True,True,False,0.0431,9.0,,,1.8,3712
A,A_rand07,9,1,adapt_qaoa,0,False,-5.1,-5.1,0.0,True,-5.1,-5.1,-5.1,0.0,0.0,0.0,1.0,1.0,1.0,True,True,False,0.5186,9.0,210.0,434.0,,1702
A,A_rand07,9,1,pce,0,False,0.0,-5.1,5.1,False,-5.1,-5.1,0.0,0.0,5.1,5.1,0.0,0.0,1.0,False,True,False,0.4906,2.0,,,4.5,497
A,A_rand07,9,1,dirac3_sim,0,False,-2.7,-5.1,2.4,False,-5.1,-5.1,-2.7,0.0,2.4,2.4,0.0,0.0,0.0,False,True,False,0.0743,,,,,2000
A,A_rand07,9,1,random,1,False,-5.1,-5.1,0.0,True,-5.1,-5.1,-5.1,0.0,0.0,0.0,1.0,1.0,1.0,True,True,False,2.0,9.0,,,,105851
A,A_rand07,9,1,annealing,1,False,-5.1,-5.1,0.0,True,-5.1,-5.1,-5.1,0.0,0.0,0.0,1.0,1.0,1.0,True,True,False,2.0,9.0,,,,551547
A,A_rand07,9,1,lowrank,1,False,-5.1,-5.1,0.0,True,-5.1,-5.1,-5.1,0.0,0.0,0.0,1.0,1.0,1.0,True,True,False,0.0419,9.0,,,1.8,3712
A,A_rand07,9,1,adapt_qaoa,1,False,-5.1,-5.1,0.0,True,-5.1,-5.1,-5.1,0.0,0.0,0.0,1.0,1.0,1.0,True,True,False,0.5025,9.0,210.0,434.0,,1702
A,A_rand07,9,1,pce,1,False,0.0,-5.1,5.1,False,-5.1,-5.1,0.0,0.0,5.1,5.1,0.0,0.0,1.0,False,True,False,0.4724,2.0,,,4.5,493
A,A_rand07,9,1,dirac3_sim,1,False,-5.1,-5.1,0.0,True,-5.1,-5.1,-5.1,0.0,0.0,0.0,1.0,1.0,1.0,True,True,False,0.0772,,,,,2000
A,A_rand07,9,1,random,2,False,-5.1,-5.1,0.0,True,-5.1,-5.1,-5.1,0.0,0.0,0.0,1.0,1.0,1.0,True,True,False,2.0,9.0,,,,105462
A,A_rand07,9,1,annealing,2,False,-5.1,-5.1,0.0,True,-5.1,-5.1,-5.1,0.0,0.0,0.0,1.0,1.0,1.0,True,True,False,2.0,9.0,,,,556857
A,A_rand07,9,1,lowrank,2,False,-5.1,-5.1,0.0,True,-5.1,-5.1,-5.1,0.0,0.0,0.0,1.0,1.0,1.0,True,True,False,0.0426,9.0,,,1.8,3712
A,A_rand07,9,1,adapt_qaoa,2,False,-5.1,-5.1,0.0,True,-5.1,-5.1,-5.1,0.0,0.0,0.0,1.0,1.0,1.0,True,True,False,0.5143,9.0,210.0,434.0,,1702
A,A_rand07,9,1,pce,2,False,0.0,-5.1,5.1,False,-5.1,-5.1,0.0,0.0,5.1,5.1,0.0,0.0,1.0,False,True,False,0.43,2.0,,,4.5,441
A,A_rand07,9,1,dirac3_sim,2,False,-5.1,-5.1,0.0,True,-5.1,-5.1,-5.1,0.0,0.0,0.0,1.0,1.0,1.0,True,True,False,0.0837,,,,,2000
A,A_rand07,9,2,random,0,False,-5.1,-5.1,0.0,True,-5.1,-5.1,-5.1,0.0,0.0,0.0,1.0,1.0,1.0,True,True,False,2.0,9.0,,,,105265
A,A_rand07,9,2,annealing,0,False,-5.1,-5.1,0.0,True,-5.1,-5.1,-5.1,0.0,0.0,0.0,1.0,1.0,1.0,True,True,False,2.0,9.0,,,,548964
A,A_rand07,9,2,lowrank,0,False,-5.1,-5.1,0.0,True,-5.1,-5.1,-5.1,0.0,0.0,0.0,1.0,1.0,1.0,True,True,False,0.045,9.0,,,1.8,3712
A,A_rand07,9,2,adapt_qaoa,0,False,-5.1,-5.1,0.0,True,-5.1,-5.1,-5.1,0.0,0.0,0.0,1.0,1.0,1.0,True,True,False,0.5254,9.0,210.0,434.0,,1702
A,A_rand07,9,2,pce,0,False,0.0,-5.1,5.1,False,-5.1,-5.1,0.0,0.0,5.1,5.1,0.0,0.0,1.0,False,True,False,0.4974,2.0,,,4.5,497
A,A_rand07,9,2,dirac3_sim,0,False,-2.7,-5.1,2.4,False,-5.1,-5.1,-2.7,0.0,2.4,2.4,0.0,0.0,0.0,False,True,False,0.0775,,,,,2000
A,A_rand07,9,2,random,1,False,-5.1,-5.1,0.0,True,-5.1,-5.1,-5.1,0.0,0.0,0.0,1.0,1.0,1.0,True,True,False,2.0,9.0,,,,101353
A,A_rand07,9,2,annealing,1,False,-5.1,-5.1,0.0,True,-5.1,-5.1,-5.1,0.0,0.0,0.0,1.0,1.0,1.0,True,True,False,2.0,9.0,,,,541224
A,A_rand07,9,2,lowrank,1,False,-5.1,-5.1,0.0,True,-5.1,-5.1,-5.1,0.0,0.0,0.0,1.0,1.0,1.0,True,True,False,0.0408,9.0,,,1.8,3712
A,A_rand07,9,2,adapt_qaoa,1,False,-5.1,-5.1,0.0,True,-5.1,-5.1,-5.1,0.0,0.0,0.0,1.0,1.0,1.0,True,True,False,0.5269,9.0,210.0,434.0,,1702
A,A_rand07,9,2,pce,1,False,0.0,-5.1,5.1,False,-5.1,-5.1,0.0,0.0,5.1,5.1,0.0,0.0,1.0,False,True,False,0.4908,2.0,,,4.5,493
A,A_rand07,9,2,dirac3_sim,1,False,-5.1,-5.1,0.0,True,-5.1,-5.1,-5.1,0.0,0.0,0.0,1.0,1.0,1.0,True,True,False,0.0777,,,,,2000
A,A_rand07,9,2,random,2,False,-5.1,-5.1,0.0,True,-5.1,-5.1,-5.1,0.0,0.0,0.0,1.0,1.0,1.0,True,True,False,2.0,9.0,,,,104291
A,A_rand07,9,2,annealing,2,False,-5.1,-5.1,0.0,True,-5.1,-5.1,-5.1,0.0,0.0,0.0,1.0,1.0,1.0,True,True,False,2.0,9.0,,,,545535
A,A_rand07,9,2,lowrank,2,False,-5.1,-5.1,0.0,True,-5.1,-5.1,-5.1,0.0,0.0,0.0,1.0,1.0,1.0,True,True,False,0.0461,9.0,,,1.8,3712
A,A_rand07,9,2,adapt_qaoa,2,False,-5.1,-5.1,0.0,True,-5.1,-5.1,-5.1,0.0,0.0,0.0,1.0,1.0,1.0,True,True,False,0.5384,9.0,210.0,434.0,,1702
A,A_rand07,9,2,pce,2,False,0.0,-5.1,5.1,False,-5.1,-5.1,0.0,0.0,5.1,5.1,0.0,0.0,1.0,False,True,False,0.441,2.0,,,4.5,441
A,A_rand07,9,2,dirac3_sim,2,False,-5.1,-5.1,0.0,True,-5.1,-5.1,-5.1,0.0,0.0,0.0,1.0,1.0,1.0,True,True,False,0.0772,,,,,2000
A,A_rand08,5,1,random,0,False,-1.6,-1.6,0.0,True,-1.6,-1.6,-1.6,0.0,0.0,0.0,1.0,1.0,1.0,True,True,False,2.0,5.0,,,,285138
A,A_rand08,5,1,annealing,0,False,-1.6,-1.6,0.0,True,-1.6,-1.6,-1.6,0.0,0.0,0.0,1.0,1.0,1.0,True,True,False,2.0,5.0,,,,966130
A,A_rand08,5,1,lowrank,0,False,-1.6,-1.6,0.0,True,-1.6,-1.6,-1.6,0.0,0.0,0.0,1.0,1.0,1.0,True,True,False,0.0398,5.0,,,1.25,3712
A,A_rand08,5,1,adapt_qaoa,0,False,-1.6,-1.6,0.0,True,-1.6,-1.6,-1.6,0.0,0.0,0.0,1.0,1.0,1.0,True,True,False,0.102,5.0,115.0,120.0,,436
A,A_rand08,5,1,pce,0,False,0.0,-1.6,1.6,False,-1.6,-1.6,0.0,0.0,1.6,1.6,0.0,0.0,1.0,False,True,False,1.4862,2.0,,,2.5,2070
A,A_rand08,5,1,dirac3_sim,0,False,-1.6,-1.6,0.0,True,-1.6,-1.6,-1.6,0.0,0.0,0.0,1.0,1.0,1.0,True,True,False,0.0748,,,,,2000
A,A_rand08,5,1,random,1,False,-1.6,-1.6,0.0,True,-1.6,-1.6,-1.6,0.0,0.0,0.0,1.0,1.0,1.0,True,True,False,2.0,5.0,,,,287684
A,A_rand08,5,1,annealing,1,False,-1.6,-1.6,0.0,True,-1.6,-1.6,-1.6,0.0,0.0,0.0,1.0,1.0,1.0,True,True,False,2.0,5.0,,,,980020
A,A_rand08,5,1,lowrank,1,False,-1.6,-1.6,0.0,True,-1.6,-1.6,-1.6,0.0,0.0,0.0,1.0,1.0,1.0,True,True,False,0.0395,5.0,,,1.25,3712
A,A_rand08,5,1,adapt_qaoa,1,False,-1.6,-1.6,0.0,True,-1.6,-1.6,-1.6,0.0,0.0,0.0,1.0,1.0,1.0,True,True,False,0.1013,5.0,115.0,120.0,,436
A,A_rand08,5,1,pce,1,False,0.0,-1.6,1.6,False,-1.6,-1.6,0.0,0.0,1.6,1.6,0.0,0.0,1.0,False,True,False,0.8662,2.0,,,2.5,1199
A,A_rand08,5,1,dirac3_sim,1,False,-1.6,-1.6,0.0,True,-1.6,-1.6,-1.6,0.0,0.0,0.0,1.0,1.0,1.0,True,True,False,0.0739,,,,,2000
A,A_rand08,5,1,random,2,False,-1.6,-1.6,0.0,True,-1.6,-1.6,-1.6,0.0,0.0,0.0,1.0,1.0,1.0,True,True,False,2.0,5.0,,,,288334
A,A_rand08,5,1,annealing,2,False,-1.6,-1.6,0.0,True,-1.6,-1.6,-1.6,0.0,0.0,0.0,1.0,1.0,1.0,True,True,False,2.0,5.0,,,,969395
A,A_rand08,5,1,lowrank,2,False,-1.6,-1.6,0.0,True,-1.6,-1.6,-1.6,0.0,0.0,0.0,1.0,1.0,1.0,True,True,False,0.0416,5.0,,,1.25,3712
A,A_rand08,5,1,adapt_qaoa,2,False,-1.6,-1.6,0.0,True,-1.6,-1.6,-1.6,0.0,0.0,0.0,1.0,1.0,1.0,True,True,False,0.0995,5.0,115.0,120.0,,436
A,A_rand08,5,1,pce,2,False,0.0,-1.6,1.6,False,-1.6,-1.6,0.0,0.0,1.6,1.6,0.0,0.0,1.0,False,True,False,0.7353,2.0,,,2.5,1013
A,A_rand08,5,1,dirac3_sim,2,False,-1.6,-1.6,0.0,True,-1.6,-1.6,-1.6,0.0,0.0,0.0,1.0,1.0,1.0,True,True,False,0.0844,,,,,2000
A,A_rand08,5,2,random,0,False,-1.6,-1.6,0.0,True,-1.6,-1.6,-1.6,0.0,0.0,0.0,1.0,1.0,1.0,True,True,False,2.0,5.0,,,,286955
A,A_rand08,5,2,annealing,0,False,-1.6,-1.6,0.0,True,-1.6,-1.6,-1.6,0.0,0.0,0.0,1.0,1.0,1.0,True,True,False,2.0,5.0,,,,966505
A,A_rand08,5,2,lowrank,0,False,-1.6,-1.6,0.0,True,-1.6,-1.6,-1.6,0.0,0.0,0.0,1.0,1.0,1.0,True,True,False,0.0407,5.0,,,1.25,3712
A,A_rand08,5,2,adapt_qaoa,0,False,-1.6,-1.6,0.0,True,-1.6,-1.6,-1.6,0.0,0.0,0.0,1.0,1.0,1.0,True,True,False,0.1025,5.0,115.0,120.0,,436
A,A_rand08,5,2,pce,0,False,0.0,-1.6,1.6,False,-1.6,-1.6,0.0,0.0,1.6,1.6,0.0,0.0,1.0,False,True,False,1.5091,2.0,,,2.5,2070
A,A_rand08,5,2,dirac3_sim,0,False,-1.6,-1.6,0.0,True,-1.6,-1.6,-1.6,0.0,0.0,0.0,1.0,1.0,1.0,True,True,False,0.0766,,,,,2000
A,A_rand08,5,2,random,1,False,-1.6,-1.6,0.0,True,-1.6,-1.6,-1.6,0.0,0.0,0.0,1.0,1.0,1.0,True,True,False,2.0,5.0,,,,290860
A,A_rand08,5,2,annealing,1,False,-1.6,-1.6,0.0,True,-1.6,-1.6,-1.6,0.0,0.0,0.0,1.0,1.0,1.0,True,True,False,2.0,5.0,,,,968940
A,A_rand08,5,2,lowrank,1,False,-1.6,-1.6,0.0,True,-1.6,-1.6,-1.6,0.0,0.0,0.0,1.0,1.0,1.0,True,True,False,0.0393,5.0,,,1.25,3712
A,A_rand08,5,2,adapt_qaoa,1,False,-1.6,-1.6,0.0,True,-1.6,-1.6,-1.6,0.0,0.0,0.0,1.0,1.0,1.0,True,True,False,0.1027,5.0,115.0,120.0,,436
A,A_rand08,5,2,pce,1,False,0.0,-1.6,1.6,False,-1.6,-1.6,0.0,0.0,1.6,1.6,0.0,0.0,1.0,False,True,False,0.8624,2.0,,,2.5,1199
A,A_rand08,5,2,dirac3_sim,1,False,-1.6,-1.6,0.0,True,-1.6,-1.6,-1.6,0.0,0.0,0.0,1.0,1.0,1.0,True,True,False,0.075,,,,,2000
A,A_rand08,5,2,random,2,False,-1.6,-1.6,0.0,True,-1.6,-1.6,-1.6,0.0,0.0,0.0,1.0,1.0,1.0,True,True,False,2.0,5.0,,,,290417
A,A_rand08,5,2,annealing,2,False,-1.6,-1.6,0.0,True,-1.6,-1.6,-1.6,0.0,0.0,0.0,1.0,1.0,1.0,True,True,False,2.0,5.0,,,,982550
A,A_rand08,5,2,lowrank,2,False,-1.6,-1.6,0.0,True,-1.6,-1.6,-1.6,0.0,0.0,0.0,1.0,1.0,1.0,True,True,False,0.0404,5.0,,,1.25,3712
A,A_rand08,5,2,adapt_qaoa,2,False,-1.6,-1.6,0.0,True,-1.6,-1.6,-1.6,0.0,0.0,0.0,1.0,1.0,1.0,True,True,False,0.1014,5.0,115.0,120.0,,436
A,A_rand08,5,2,pce,2,False,0.0,-1.6,1.6,False,-1.6,-1.6,0.0,0.0,1.6,1.6,0.0,0.0,1.0,False,True,False,0.7265,2.0,,,2.5,1013
A,A_rand08,5,2,dirac3_sim,2,False,-1.6,-1.6,0.0,True,-1.6,-1.6,-1.6,0.0,0.0,0.0,1.0,1.0,1.0,True,True,False,0.0753,,,,,2000
A,A_rand09,14,1,random,0,False,-4.4,-4.4,0.0,True,-4.4,-4.4,-4.4,0.0,0.0,0.0,1.0,1.0,1.0,True,True,False,2.0,14.0,,,,48164
A,A_rand09,14,1,annealing,0,False,-4.4,-4.4,0.0,True,-4.4,-4.4,-4.4,0.0,0.0,0.0,1.0,1.0,1.0,True,True,False,2.0001,14.0,,,,358162
A,A_rand09,14,1,lowrank,0,False,-4.4,-4.4,0.0,True,-4.4,-4.4,-4.4,0.0,0.0,0.0,1.0,1.0,1.0,True,True,False,0.0459,14.0,,,2.3333333333333335,3712
A,A_rand09,14,1,adapt_qaoa,0,False,-3.1,-4.4,1.3,False,-4.4,-4.4,-3.1,0.0,1.3,1.3,0.8,0.75,0.8571,False,True,False,2.5176,14.0,292.0,918.0,,660
A,A_rand09,14,1,pce,0,False,0.0,-4.4,4.4,False,-4.4,-4.4,0.0,0.0,4.4,4.4,0.0,0.0,1.0,False,True,False,2.1129,3.0,,,4.6667,1425
A,A_rand09,14,1,dirac3_sim,0,False,-3.5,-4.4,0.9,False,-4.4,-4.4,-3.5,0.0,0.9,0.9,0.9333,0.875,1.0,False,True,False,0.084,,,,,2000
A,A_rand09,14,1,random,1,False,-4.4,-4.4,0.0,True,-4.4,-4.4,-4.4,0.0,0.0,0.0,1.0,1.0,1.0,True,True,False,2.0,14.0,,,,47146
A,A_rand09,14,1,annealing,1,False,-4.4,-4.4,0.0,True,-4.4,-4.4,-4.4,0.0,0.0,0.0,1.0,1.0,1.0,True,True,False,2.0,14.0,,,,364112
A,A_rand09,14,1,lowrank,1,False,-4.0,-4.4,0.4,False,-4.4,-4.4,-4.0,0.0,0.4,0.4,0.875,0.875,0.875,False,True,False,0.0428,14.0,,,2.3333333333333335,3712
A,A_rand09,14,1,adapt_qaoa,1,False,-3.1,-4.4,1.3,False,-4.4,-4.4,-3.1,0.0,1.3,1.3,0.8,0.75,0.8571,False,True,False,2.4614,14.0,292.0,918.0,,660
A,A_rand09,14,1,pce,1,False,0.0,-4.4,4.4,False,-4.4,-4.4,0.0,0.0,4.4,4.4,0.0,0.0,1.0,False,True,False,2.0063,3.0,,,4.6667,1369
A,A_rand09,14,1,dirac3_sim,1,False,-0.8,-4.4,3.6,False,-4.4,-4.4,-0.8,0.0,3.6,3.6,0.3636,0.25,0.6667,False,True,False,0.0803,,,,,2000
A,A_rand09,14,1,random,2,False,-4.4,-4.4,0.0,True,-4.4,-4.4,-4.4,0.0,0.0,0.0,1.0,1.0,1.0,True,True,False,2.0,14.0,,,,48758
A,A_rand09,14,1,annealing,2,False,-4.4,-4.4,0.0,True,-4.4,-4.4,-4.4,0.0,0.0,0.0,1.0,1.0,1.0,True,True,False,2.0,14.0,,,,364924
A,A_rand09,14,1,lowrank,2,False,-4.4,-4.4,0.0,True,-4.4,-4.4,-4.4,0.0,0.0,0.0,1.0,1.0,1.0,True,True,False,0.0415,14.0,,,2.3333333333333335,3712
A,A_rand09,14,1,adapt_qaoa,2,False,1.8,-4.4,6.2,False,-4.4,-4.4,1.8,0.0,6.2,6.2,0.8571,0.75,1.0,False,True,False,2.4829,14.0,292.0,918.0,,660
A,A_rand09,14,1,pce,2,False,0.0,-4.4,4.4,False,-4.4,-4.4,0.0,0.0,4.4,4.4,0.0,0.0,1.0,False,True,False,2.2774,3.0,,,4.6667,1555
A,A_rand09,14,1,dirac3_sim,2,False,-4.4,-4.4,0.0,True,-4.4,-4.4,-4.4,0.0,0.0,0.0,1.0,1.0,1.0,True,True,False,0.0799,,,,,2000
A,A_rand09,14,2,random,0,False,-4.4,-4.4,0.0,True,-4.4,-4.4,-4.4,0.0,0.0,0.0,1.0,1.0,1.0,True,True,False,2.0,14.0,,,,47557
A,A_rand09,14,2,annealing,0,False,-4.4,-4.4,0.0,True,-4.4,-4.4,-4.4,0.0,0.0,0.0,1.0,1.0,1.0,True,True,False,2.0,14.0,,,,362096
A,A_rand09,14,2,lowrank,0,False,-4.4,-4.4,0.0,True,-4.4,-4.4,-4.4,0.0,0.0,0.0,1.0,1.0,1.0,True,True,False,0.0427,14.0,,,2.3333333333333335,3712
A,A_rand09,14,2,adapt_qaoa,0,False,-3.1,-4.4,1.3,False,-4.4,-4.4,-3.1,0.0,1.3,1.3,0.8,0.75,0.8571,False,True,False,2.5102,14.0,292.0,918.0,,660
A,A_rand09,14,2,pce,0,False,0.0,-4.4,4.4,False,-4.4,-4.4,0.0,0.0,4.4,4.4,0.0,0.0,1.0,False,True,False,2.112,3.0,,,4.6667,1425
A,A_rand09,14,2,dirac3_sim,0,False,-3.5,-4.4,0.9,False,-4.4,-4.4,-3.5,0.0,0.9,0.9,0.9333,0.875,1.0,False,True,False,0.0802,,,,,2000
A,A_rand09,14,2,random,1,False,-4.4,-4.4,0.0,True,-4.4,-4.4,-4.4,0.0,0.0,0.0,1.0,1.0,1.0,True,True,False,2.0,14.0,,,,47302
A,A_rand09,14,2,annealing,1,False,-4.4,-4.4,0.0,True,-4.4,-4.4,-4.4,0.0,0.0,0.0,1.0,1.0,1.0,True,True,False,2.0,14.0,,,,355586
A,A_rand09,14,2,lowrank,1,False,-4.0,-4.4,0.4,False,-4.4,-4.4,-4.0,0.0,0.4,0.4,0.875,0.875,0.875,False,True,False,0.0428,14.0,,,2.3333333333333335,3712
A,A_rand09,14,2,adapt_qaoa,1,False,-3.1,-4.4,1.3,False,-4.4,-4.4,-3.1,0.0,1.3,1.3,0.8,0.75,0.8571,False,True,False,2.4754,14.0,292.0,918.0,,660
A,A_rand09,14,2,pce,1,False,0.0,-4.4,4.4,False,-4.4,-4.4,0.0,0.0,4.4,4.4,0.0,0.0,1.0,False,True,False,2.0224,3.0,,,4.6667,1369
A,A_rand09,14,2,dirac3_sim,1,False,-0.8,-4.4,3.6,False,-4.4,-4.4,-0.8,0.0,3.6,3.6,0.3636,0.25,0.6667,False,True,False,0.0803,,,,,2000
A,A_rand09,14,2,random,2,False,-4.4,-4.4,0.0,True,-4.4,-4.4,-4.4,0.0,0.0,0.0,1.0,1.0,1.0,True,True,False,2.0,14.0,,,,47248
A,A_rand09,14,2,annealing,2,False,-4.4,-4.4,0.0,True,-4.4,-4.4,-4.4,0.0,0.0,0.0,1.0,1.0,1.0,True,True,False,2.0,14.0,,,,361032
A,A_rand09,14,2,lowrank,2,False,-4.4,-4.4,0.0,True,-4.4,-4.4,-4.4,0.0,0.0,0.0,1.0,1.0,1.0,True,True,False,0.0405,14.0,,,2.3333333333333335,3712
A,A_rand09,14,2,adapt_qaoa,2,False,1.8,-4.4,6.2,False,-4.4,-4.4,1.8,0.0,6.2,6.2,0.8571,0.75,1.0,False,True,False,2.4874,14.0,292.0,918.0,,660
A,A_rand09,14,2,pce,2,False,0.0,-4.4,4.4,False,-4.4,-4.4,0.0,0.0,4.4,4.4,0.0,0.0,1.0,False,True,False,2.2712,3.0,,,4.6667,1555
A,A_rand09,14,2,dirac3_sim,2,False,-4.4,-4.4,0.0,True,-4.4,-4.4,-4.4,0.0,0.0,0.0,1.0,1.0,1.0,True,True,False,0.0798,,,,,2000
A,A_rand10,7,1,random,0,False,0.0,0.0,0.0,True,-3.4,0.0,0.0,3.4,0.0,3.4,0.0,0.0,1.0,False,True,False,2.0,7.0,,,,162399
A,A_rand10,7,1,annealing,0,False,0.0,0.0,0.0,True,-3.4,0.0,0.0,3.4,0.0,3.4,0.0,0.0,1.0,False,True,False,2.0,7.0,,,,697942
A,A_rand10,7,1,lowrank,0,False,0.0,0.0,0.0,True,-3.4,0.0,0.0,3.4,0.0,3.4,0.0,0.0,1.0,False,True,False,0.0398,7.0,,,1.75,3712
A,A_rand10,7,1,adapt_qaoa,0,False,0.0,0.0,0.0,True,-3.4,0.0,0.0,3.4,0.0,3.4,0.0,0.0,1.0,False,True,False,0.4498,7.0,186.0,256.0,,1642
A,A_rand10,7,1,pce,0,False,0.0,0.0,0.0,True,-3.4,0.0,0.0,3.4,0.0,3.4,0.0,0.0,1.0,False,True,False,0.4521,2.0,,,3.5,539
A,A_rand10,7,1,dirac3_sim,0,False,0.0,0.0,0.0,True,-3.4,0.0,0.0,3.4,0.0,3.4,0.0,0.0,1.0,False,True,False,0.0789,,,,,2000
A,A_rand10,7,1,random,1,False,0.0,0.0,0.0,True,-3.4,0.0,0.0,3.4,0.0,3.4,0.0,0.0,1.0,False,True,False,2.0,7.0,,,,160185
A,A_rand10,7,1,annealing,1,False,0.0,0.0,0.0,True,-3.4,0.0,0.0,3.4,0.0,3.4,0.0,0.0,1.0,False,True,False,2.0,7.0,,,,699993
A,A_rand10,7,1,lowrank,1,False,0.0,0.0,0.0,True,-3.4,0.0,0.0,3.4,0.0,3.4,0.0,0.0,1.0,False,True,False,0.0401,7.0,,,1.75,3712
A,A_rand10,7,1,adapt_qaoa,1,False,0.0,0.0,0.0,True,-3.4,0.0,0.0,3.4,0.0,3.4,0.0,0.0,1.0,False,True,False,0.458,7.0,186.0,256.0,,1642
A,A_rand10,7,1,pce,1,False,0.0,0.0,0.0,True,-3.4,0.0,0.0,3.4,0.0,3.4,0.0,0.0,1.0,False,True,False,0.6922,2.0,,,3.5,785
A,A_rand10,7,1,dirac3_sim,1,False,0.8,0.0,0.8,False,-3.4,0.0,0.8,3.4,0.8,4.2,0.0,0.0,0.0,False,True,False,0.0827,,,,,2000
A,A_rand10,7,1,random,2,False,0.0,0.0,0.0,True,-3.4,0.0,0.0,3.4,0.0,3.4,0.0,0.0,1.0,False,True,False,2.0,7.0,,,,159978
A,A_rand10,7,1,annealing,2,False,0.0,0.0,0.0,True,-3.4,0.0,0.0,3.4,0.0,3.4,0.0,0.0,1.0,False,True,False,2.0,7.0,,,,700259
A,A_rand10,7,1,lowrank,2,False,0.0,0.0,0.0,True,-3.4,0.0,0.0,3.4,0.0,3.4,0.0,0.0,1.0,False,True,False,0.0419,7.0,,,1.75,3712
A,A_rand10,7,1,adapt_qaoa,2,False,0.0,0.0,0.0,True,-3.4,0.0,0.0,3.4,0.0,3.4,0.0,0.0,1.0,False,True,False,0.4409,7.0,186.0,256.0,,1642
A,A_rand10,7,1,pce,2,False,0.0,0.0,0.0,True,-3.4,0.0,0.0,3.4,0.0,3.4,0.0,0.0,1.0,False,True,False,0.6149,2.0,,,3.5,724
A,A_rand10,7,1,dirac3_sim,2,False,0.0,0.0,0.0,True,-3.4,0.0,0.0,3.4,0.0,3.4,0.0,0.0,1.0,False,True,False,0.0734,,,,,2000
A,A_rand10,7,2,random,0,False,0.0,0.0,0.0,True,-3.4,0.0,0.0,3.4,0.0,3.4,0.0,0.0,1.0,False,True,False,2.0,7.0,,,,160510
A,A_rand10,7,2,annealing,0,False,0.0,0.0,0.0,True,-3.4,0.0,0.0,3.4,0.0,3.4,0.0,0.0,1.0,False,True,False,2.0,7.0,,,,694967
A,A_rand10,7,2,lowrank,0,False,0.0,0.0,0.0,True,-3.4,0.0,0.0,3.4,0.0,3.4,0.0,0.0,1.0,False,True,False,0.0428,7.0,,,1.75,3712
A,A_rand10,7,2,adapt_qaoa,0,False,0.0,0.0,0.0,True,-3.4,0.0,0.0,3.4,0.0,3.4,0.0,0.0,1.0,False,True,False,0.4487,7.0,186.0,256.0,,1642
A,A_rand10,7,2,pce,0,False,0.0,0.0,0.0,True,-3.4,0.0,0.0,3.4,0.0,3.4,0.0,0.0,1.0,False,True,False,0.4431,2.0,,,3.5,539
A,A_rand10,7,2,dirac3_sim,0,False,0.0,0.0,0.0,True,-3.4,0.0,0.0,3.4,0.0,3.4,0.0,0.0,1.0,False,True,False,0.0743,,,,,2000
A,A_rand10,7,2,random,1,False,0.0,0.0,0.0,True,-3.4,0.0,0.0,3.4,0.0,3.4,0.0,0.0,1.0,False,True,False,2.0,7.0,,,,163796
A,A_rand10,7,2,annealing,1,False,0.0,0.0,0.0,True,-3.4,0.0,0.0,3.4,0.0,3.4,0.0,0.0,1.0,False,True,False,2.0,7.0,,,,689927
A,A_rand10,7,2,lowrank,1,False,0.0,0.0,0.0,True,-3.4,0.0,0.0,3.4,0.0,3.4,0.0,0.0,1.0,False,True,False,0.0403,7.0,,,1.75,3712
A,A_rand10,7,2,adapt_qaoa,1,False,0.0,0.0,0.0,True,-3.4,0.0,0.0,3.4,0.0,3.4,0.0,0.0,1.0,False,True,False,0.4542,7.0,186.0,256.0,,1642
A,A_rand10,7,2,pce,1,False,0.0,0.0,0.0,True,-3.4,0.0,0.0,3.4,0.0,3.4,0.0,0.0,1.0,False,True,False,0.6493,2.0,,,3.5,785
A,A_rand10,7,2,dirac3_sim,1,False,0.8,0.0,0.8,False,-3.4,0.0,0.8,3.4,0.8,4.2,0.0,0.0,0.0,False,True,False,0.0769,,,,,2000
A,A_rand10,7,2,random,2,False,0.0,0.0,0.0,True,-3.4,0.0,0.0,3.4,0.0,3.4,0.0,0.0,1.0,False,True,False,2.0,7.0,,,,161025
A,A_rand10,7,2,annealing,2,False,0.0,0.0,0.0,True,-3.4,0.0,0.0,3.4,0.0,3.4,0.0,0.0,1.0,False,True,False,2.0,7.0,,,,695317
A,A_rand10,7,2,lowrank,2,False,0.0,0.0,0.0,True,-3.4,0.0,0.0,3.4,0.0,3.4,0.0,0.0,1.0,False,True,False,0.0416,7.0,,,1.75,3712
A,A_rand10,7,2,adapt_qaoa,2,False,0.0,0.0,0.0,True,-3.4,0.0,0.0,3.4,0.0,3.4,0.0,0.0,1.0,False,True,False,0.4461,7.0,186.0,256.0,,1642
A,A_rand10,7,2,pce,2,False,0.0,0.0,0.0,True,-3.4,0.0,0.0,3.4,0.0,3.4,0.0,0.0,1.0,False,True,False,0.6074,2.0,,,3.5,724
A,A_rand10,7,2,dirac3_sim,2,False,0.0,0.0,0.0,True,-3.4,0.0,0.0,3.4,0.0,3.4,0.0,0.0,1.0,False,True,False,0.0777,,,,,2000
A,A_rand11,9,1,random,0,False,-2.5,-2.5,0.0,True,-2.5,-2.5,-2.5,0.0,0.0,0.0,1.0,1.0,1.0,True,True,False,2.0,9.0,,,,107262
A,A_rand11,9,1,annealing,0,False,-2.5,-2.5,0.0,True,-2.5,-2.5,-2.5,0.0,0.0,0.0,1.0,1.0,1.0,True,True,False,2.0,9.0,,,,561015
A,A_rand11,9,1,lowrank,0,False,-2.5,-2.5,0.0,True,-2.5,-2.5,-2.5,0.0,0.0,0.0,1.0,1.0,1.0,True,True,False,0.0409,9.0,,,1.8,3712
A,A_rand11,9,1,adapt_qaoa,0,False,-2.5,-2.5,0.0,True,-2.5,-2.5,-2.5,0.0,0.0,0.0,1.0,1.0,1.0,True,True,False,0.5138,9.0,204.0,434.0,,1614
A,A_rand11,9,1,pce,0,False,-2.5,-2.5,0.0,True,-2.5,-2.5,-2.5,0.0,0.0,0.0,1.0,1.0,1.0,True,True,False,0.9113,2.0,,,4.5,959
A,A_rand11,9,1,dirac3_sim,0,False,-0.5,-2.5,2.0,False,-2.5,-2.5,-0.5,0.0,2.0,2.0,0.0,0.0,0.0,False,True,False,0.0754,,,,,2000
A,A_rand11,9,1,random,1,False,-2.5,-2.5,0.0,True,-2.5,-2.5,-2.5,0.0,0.0,0.0,1.0,1.0,1.0,True,True,False,2.0,9.0,,,,107760
A,A_rand11,9,1,annealing,1,False,-2.5,-2.5,0.0,True,-2.5,-2.5,-2.5,0.0,0.0,0.0,1.0,1.0,1.0,True,True,False,2.0,9.0,,,,551754
A,A_rand11,9,1,lowrank,1,False,-2.5,-2.5,0.0,True,-2.5,-2.5,-2.5,0.0,0.0,0.0,1.0,1.0,1.0,True,True,False,0.0417,9.0,,,1.8,3712
A,A_rand11,9,1,adapt_qaoa,1,False,-2.5,-2.5,0.0,True,-2.5,-2.5,-2.5,0.0,0.0,0.0,1.0,1.0,1.0,True,True,False,0.5313,9.0,204.0,434.0,,1614
A,A_rand11,9,1,pce,1,False,0.0,-2.5,2.5,False,-2.5,-2.5,0.0,0.0,2.5,2.5,0.0,0.0,1.0,False,True,False,0.4814,2.0,,,4.5,499
A,A_rand11,9,1,dirac3_sim,1,False,-2.5,-2.5,0.0,True,-2.5,-2.5,-2.5,0.0,0.0,0.0,1.0,1.0,1.0,True,True,False,0.0757,,,,,2000
A,A_rand11,9,1,random,2,False,-2.5,-2.5,0.0,True,-2.5,-2.5,-2.5,0.0,0.0,0.0,1.0,1.0,1.0,True,True,False,2.0,9.0,,,,107229
A,A_rand11,9,1,annealing,2,False,-2.5,-2.5,0.0,True,-2.5,-2.5,-2.5,0.0,0.0,0.0,1.0,1.0,1.0,True,True,False,2.0,9.0,,,,559422
A,A_rand11,9,1,lowrank,2,False,-2.5,-2.5,0.0,True,-2.5,-2.5,-2.5,0.0,0.0,0.0,1.0,1.0,1.0,True,True,False,0.0407,9.0,,,1.8,3712
A,A_rand11,9,1,adapt_qaoa,2,False,-2.5,-2.5,0.0,True,-2.5,-2.5,-2.5,0.0,0.0,0.0,1.0,1.0,1.0,True,True,False,0.5272,9.0,204.0,434.0,,1614
A,A_rand11,9,1,pce,2,False,0.0,-2.5,2.5,False,-2.5,-2.5,0.0,0.0,2.5,2.5,0.0,0.0,1.0,False,True,False,0.4425,2.0,,,4.5,449
A,A_rand11,9,1,dirac3_sim,2,False,-2.5,-2.5,0.0,True,-2.5,-2.5,-2.5,0.0,0.0,0.0,1.0,1.0,1.0,True,True,False,0.0784,,,,,2000
A,A_rand11,9,2,random,0,False,-2.5,-2.5,0.0,True,-2.5,-2.5,-2.5,0.0,0.0,0.0,1.0,1.0,1.0,True,True,False,2.0,9.0,,,,107192
A,A_rand11,9,2,annealing,0,False,-2.5,-2.5,0.0,True,-2.5,-2.5,-2.5,0.0,0.0,0.0,1.0,1.0,1.0,True,True,False,2.0,9.0,,,,561744
A,A_rand11,9,2,lowrank,0,False,-2.5,-2.5,0.0,True,-2.5,-2.5,-2.5,0.0,0.0,0.0,1.0,1.0,1.0,True,True,False,0.0421,9.0,,,1.8,3712
A,A_rand11,9,2,adapt_qaoa,0,False,-2.5,-2.5,0.0,True,-2.5,-2.5,-2.5,0.0,0.0,0.0,1.0,1.0,1.0,True,True,False,0.5271,9.0,204.0,434.0,,1614
A,A_rand11,9,2,pce,0,False,-2.5,-2.5,0.0,True,-2.5,-2.5,-2.5,0.0,0.0,0.0,1.0,1.0,1.0,True,True,False,0.9179,2.0,,,4.5,959
A,A_rand11,9,2,dirac3_sim,0,False,-0.5,-2.5,2.0,False,-2.5,-2.5,-0.5,0.0,2.0,2.0,0.0,0.0,0.0,False,True,False,0.0761,,,,,2000
A,A_rand11,9,2,random,1,False,-2.5,-2.5,0.0,True,-2.5,-2.5,-2.5,0.0,0.0,0.0,1.0,1.0,1.0,True,True,False,2.0,9.0,,,,106674
A,A_rand11,9,2,annealing,1,False,-2.5,-2.5,0.0,True,-2.5,-2.5,-2.5,0.0,0.0,0.0,1.0,1.0,1.0,True,True,False,2.0,9.0,,,,551619
A,A_rand11,9,2,lowrank,1,False,-2.5,-2.5,0.0,True,-2.5,-2.5,-2.5,0.0,0.0,0.0,1.0,1.0,1.0,True,True,False,0.0406,9.0,,,1.8,3712
A,A_rand11,9,2,adapt_qaoa,1,False,-2.5,-2.5,0.0,True,-2.5,-2.5,-2.5,0.0,0.0,0.0,1.0,1.0,1.0,True,True,False,0.5169,9.0,204.0,434.0,,1614
A,A_rand11,9,2,pce,1,False,0.0,-2.5,2.5,False,-2.5,-2.5,0.0,0.0,2.5,2.5,0.0,0.0,1.0,False,True,False,0.4736,2.0,,,4.5,499
A,A_rand11,9,2,dirac3_sim,1,False,-2.5,-2.5,0.0,True,-2.5,-2.5,-2.5,0.0,0.0,0.0,1.0,1.0,1.0,True,True,False,0.0763,,,,,2000
A,A_rand11,9,2,random,2,False,-2.5,-2.5,0.0,True,-2.5,-2.5,-2.5,0.0,0.0,0.0,1.0,1.0,1.0,True,True,False,2.0,9.0,,,,109145
A,A_rand11,9,2,annealing,2,False,-2.5,-2.5,0.0,True,-2.5,-2.5,-2.5,0.0,0.0,0.0,1.0,1.0,1.0,True,True,False,2.0,9.0,,,,561042
A,A_rand11,9,2,lowrank,2,False,-2.5,-2.5,0.0,True,-2.5,-2.5,-2.5,0.0,0.0,0.0,1.0,1.0,1.0,True,True,False,0.0442,9.0,,,1.8,3712
A,A_rand11,9,2,adapt_qaoa,2,False,-2.5,-2.5,0.0,True,-2.5,-2.5,-2.5,0.0,0.0,0.0,1.0,1.0,1.0,True,True,False,0.5161,9.0,204.0,434.0,,1614
A,A_rand11,9,2,pce,2,False,0.0,-2.5,2.5,False,-2.5,-2.5,0.0,0.0,2.5,2.5,0.0,0.0,1.0,False,True,False,0.4326,2.0,,,4.5,449
A,A_rand11,9,2,dirac3_sim,2,False,-2.5,-2.5,0.0,True,-2.5,-2.5,-2.5,0.0,0.0,0.0,1.0,1.0,1.0,True,True,False,0.0756,,,,,2000
A,A_rand12,1,1,random,0,False,-2.8,-2.8,0.0,True,-2.8,-2.8,-2.8,0.0,0.0,0.0,1.0,1.0,1.0,True,True,False,2.0,1.0,,,,1960212
A,A_rand12,1,1,annealing,0,False,-2.8,-2.8,0.0,True,-2.8,-2.8,-2.8,0.0,0.0,0.0,1.0,1.0,1.0,True,True,False,0.3349,1.0,,,,400000
A,A_rand12,1,1,lowrank,0,False,-2.8,-2.8,0.0,True,-2.8,-2.8,-2.8,0.0,0.0,0.0,1.0,1.0,1.0,True,True,False,0.0385,1.0,,,1.0,3712
A,A_rand12,1,1,adapt_qaoa,0,False,-2.8,-2.8,0.0,True,-2.8,-2.8,-2.8,0.0,0.0,0.0,1.0,1.0,1.0,True,True,False,0.0489,1.0,36.0,0.0,,216
A,A_rand12,1,1,pce,0,False,-2.8,-2.8,0.0,True,-2.8,-2.8,-2.8,0.0,0.0,0.0,1.0,1.0,1.0,True,True,False,0.2006,2.0,,,0.5,411
A,A_rand12,1,1,dirac3_sim,0,False,-2.8,-2.8,0.0,True,-2.8,-2.8,-2.8,0.0,0.0,0.0,1.0,1.0,1.0,True,True,False,0.0736,,,,,2000
A,A_rand12,1,1,random,1,False,-2.8,-2.8,0.0,True,-2.8,-2.8,-2.8,0.0,0.0,0.0,1.0,1.0,1.0,True,True,False,2.0,1.0,,,,1934549
A,A_rand12,1,1,annealing,1,False,-2.8,-2.8,0.0,True,-2.8,-2.8,-2.8,0.0,0.0,0.0,1.0,1.0,1.0,True,True,False,0.332,1.0,,,,400000
A,A_rand12,1,1,lowrank,1,False,-2.8,-2.8,0.0,True,-2.8,-2.8,-2.8,0.0,0.0,0.0,1.0,1.0,1.0,True,True,False,0.0408,1.0,,,1.0,3712
A,A_rand12,1,1,adapt_qaoa,1,False,-2.8,-2.8,0.0,True,-2.8,-2.8,-2.8,0.0,0.0,0.0,1.0,1.0,1.0,True,True,False,0.0503,1.0,36.0,0.0,,216
A,A_rand12,1,1,pce,1,False,-2.8,-2.8,0.0,True,-2.8,-2.8,-2.8,0.0,0.0,0.0,1.0,1.0,1.0,True,True,False,0.196,2.0,,,0.5,404
A,A_rand12,1,1,dirac3_sim,1,False,-2.8,-2.8,0.0,True,-2.8,-2.8,-2.8,0.0,0.0,0.0,1.0,1.0,1.0,True,True,False,0.0739,,,,,2000
A,A_rand12,1,1,random,2,False,-2.8,-2.8,0.0,True,-2.8,-2.8,-2.8,0.0,0.0,0.0,1.0,1.0,1.0,True,True,False,2.0,1.0,,,,1972706
A,A_rand12,1,1,annealing,2,False,-2.8,-2.8,0.0,True,-2.8,-2.8,-2.8,0.0,0.0,0.0,1.0,1.0,1.0,True,True,False,0.3369,1.0,,,,400000
A,A_rand12,1,1,lowrank,2,False,-2.8,-2.8,0.0,True,-2.8,-2.8,-2.8,0.0,0.0,0.0,1.0,1.0,1.0,True,True,False,0.0366,1.0,,,1.0,3712
A,A_rand12,1,1,adapt_qaoa,2,False,-2.8,-2.8,0.0,True,-2.8,-2.8,-2.8,0.0,0.0,0.0,1.0,1.0,1.0,True,True,False,0.0504,1.0,36.0,0.0,,216
A,A_rand12,1,1,pce,2,False,-2.8,-2.8,0.0,True,-2.8,-2.8,-2.8,0.0,0.0,0.0,1.0,1.0,1.0,True,True,False,0.1877,2.0,,,0.5,394
A,A_rand12,1,1,dirac3_sim,2,False,-2.8,-2.8,0.0,True,-2.8,-2.8,-2.8,0.0,0.0,0.0,1.0,1.0,1.0,True,True,False,0.0756,,,,,2000
A,A_rand12,1,2,random,0,False,-2.8,-2.8,0.0,True,-2.8,-2.8,-2.8,0.0,0.0,0.0,1.0,1.0,1.0,True,True,False,2.0,1.0,,,,1855772
A,A_rand12,1,2,annealing,0,False,-2.8,-2.8,0.0,True,-2.8,-2.8,-2.8,0.0,0.0,0.0,1.0,1.0,1.0,True,True,False,0.3482,1.0,,,,400000
A,A_rand12,1,2,lowrank,0,False,-2.8,-2.8,0.0,True,-2.8,-2.8,-2.8,0.0,0.0,0.0,1.0,1.0,1.0,True,True,False,0.0388,1.0,,,1.0,3712
A,A_rand12,1,2,adapt_qaoa,0,False,-2.8,-2.8,0.0,True,-2.8,-2.8,-2.8,0.0,0.0,0.0,1.0,1.0,1.0,True,True,False,0.0539,1.0,36.0,0.0,,216
A,A_rand12,1,2,pce,0,False,-2.8,-2.8,0.0,True,-2.8,-2.8,-2.8,0.0,0.0,0.0,1.0,1.0,1.0,True,True,False,0.2206,2.0,,,0.5,411
A,A_rand12,1,2,dirac3_sim,0,False,-2.8,-2.8,0.0,True,-2.8,-2.8,-2.8,0.0,0.0,0.0,1.0,1.0,1.0,True,True,False,0.0762,,,,,2000
A,A_rand12,1,2,random,1,False,-2.8,-2.8,0.0,True,-2.8,-2.8,-2.8,0.0,0.0,0.0,1.0,1.0,1.0,True,True,False,2.0,1.0,,,,1910197
A,A_rand12,1,2,annealing,1,False,-2.8,-2.8,0.0,True,-2.8,-2.8,-2.8,0.0,0.0,0.0,1.0,1.0,1.0,True,True,False,0.3366,1.0,,,,400000
A,A_rand12,1,2,lowrank,1,False,-2.8,-2.8,0.0,True,-2.8,-2.8,-2.8,0.0,0.0,0.0,1.0,1.0,1.0,True,True,False,0.0389,1.0,,,1.0,3712
A,A_rand12,1,2,adapt_qaoa,1,False,-2.8,-2.8,0.0,True,-2.8,-2.8,-2.8,0.0,0.0,0.0,1.0,1.0,1.0,True,True,False,0.0513,1.0,36.0,0.0,,216
A,A_rand12,1,2,pce,1,False,-2.8,-2.8,0.0,True,-2.8,-2.8,-2.8,0.0,0.0,0.0,1.0,1.0,1.0,True,True,False,0.1925,2.0,,,0.5,404
A,A_rand12,1,2,dirac3_sim,1,False,-2.8,-2.8,0.0,True,-2.8,-2.8,-2.8,0.0,0.0,0.0,1.0,1.0,1.0,True,True,False,0.0763,,,,,2000
A,A_rand12,1,2,random,2,False,-2.8,-2.8,0.0,True,-2.8,-2.8,-2.8,0.0,0.0,0.0,1.0,1.0,1.0,True,True,False,2.0,1.0,,,,1947829
A,A_rand12,1,2,annealing,2,False,-2.8,-2.8,0.0,True,-2.8,-2.8,-2.8,0.0,0.0,0.0,1.0,1.0,1.0,True,True,False,0.3295,1.0,,,,400000
A,A_rand12,1,2,lowrank,2,False,-2.8,-2.8,0.0,True,-2.8,-2.8,-2.8,0.0,0.0,0.0,1.0,1.0,1.0,True,True,False,0.0387,1.0,,,1.0,3712
A,A_rand12,1,2,adapt_qaoa,2,False,-2.8,-2.8,0.0,True,-2.8,-2.8,-2.8,0.0,0.0,0.0,1.0,1.0,1.0,True,True,False,0.0505,1.0,36.0,0.0,,216
A,A_rand12,1,2,pce,2,False,-2.8,-2.8,0.0,True,-2.8,-2.8,-2.8,0.0,0.0,0.0,1.0,1.0,1.0,True,True,False,0.1926,2.0,,,0.5,394
A,A_rand12,1,2,dirac3_sim,2,False,-2.8,-2.8,0.0,True,-2.8,-2.8,-2.8,0.0,0.0,0.0,1.0,1.0,1.0,True,True,False,0.0725,,,,,2000
