seq_id,length,seq,encoding,weight_model,m,n_qubits,k,pce_capacity,method,status,qubo_cost,n_evals,wall_s,exact_cost,exact_method,gap_to_exact,n_gates,structure,mfe_structure,energy,mfe_energy,energy_gap,bp_distance,bp_f1,bp_precision,bp_recall,n_pred_pairs,n_mfe_pairs
L10_s10000,10,CUCAAGUUGA,stem,vienna_calibrated,3,4.0,2.0,18.0,GQE,ok,0.0,1200.0,14.927642107009888,0.0,BruteForce,0.0,"{'n_1q': 6, 'n_2q': 7, 'n_total': 13}",..........,..........,0.0,0.0,0.0,0.0,1.0,1.0,1.0,0.0,0.0
L10_s10000,10,CUCAAGUUGA,stem,vienna_calibrated,3,4.0,2.0,18.0,PCE-direct,ok,0.0,150.0,4.172404050827026,0.0,BruteForce,0.0,"{'n_1q': 24, 'n_2q': 27, 'n_total': 51, 'depth': 6, 'n_params': 51}",..........,..........,0.0,0.0,0.0,0.0,1.0,1.0,1.0,0.0,0.0
L10_s10000,10,CUCAAGUUGA,stem,vienna_calibrated,3,4.0,2.0,18.0,SimAnneal,ok,0.0,1200.0,0.03815412521362305,0.0,BruteForce,0.0,,..........,..........,0.0,0.0,0.0,0.0,1.0,1.0,1.0,0.0,0.0
L10_s10000,10,CUCAAGUUGA,stem,vienna_calibrated,3,4.0,2.0,18.0,Tabu,ok,0.0,1200.0,0.027878522872924805,0.0,BruteForce,0.0,,..........,..........,0.0,0.0,0.0,0.0,1.0,1.0,1.0,0.0,0.0
L10_s10000,10,CUCAAGUUGA,stem,vienna_calibrated,3,4.0,2.0,18.0,Blind,ok,0.0,1200.0,0.2369976043701172,0.0,BruteForce,0.0,,..........,..........,0.0,0.0,0.0,0.0,1.0,1.0,1.0,0.0,0.0
L14_s14000,14,CCGCAAUAUGAUCA,stem,vienna_calibrated,3,4.0,2.0,18.0,GQE,ok,0.0,1200.0,13.05299711227417,0.0,BruteForce,0.0,"{'n_1q': 6, 'n_2q': 7, 'n_total': 13}",..............,..............,0.0,0.0,0.0,0.0,1.0,1.0,1.0,0.0,0.0
L14_s14000,14,CCGCAAUAUGAUCA,stem,vienna_calibrated,3,4.0,2.0,18.0,PCE-direct,ok,0.0,150.0,4.32636833190918,0.0,BruteForce,0.0,"{'n_1q': 24, 'n_2q': 27, 'n_total': 51, 'depth': 6, 'n_params': 51}",..............,..............,0.0,0.0,0.0,0.0,1.0,1.0,1.0,0.0,0.0
L14_s14000,14,CCGCAAUAUGAUCA,stem,vienna_calibrated,3,4.0,2.0,18.0,SimAnneal,ok,0.0,1200.0,0.034369468688964844,0.0,BruteForce,0.0,,..............,..............,0.0,0.0,0.0,0.0,1.0,1.0,1.0,0.0,0.0
L14_s14000,14,CCGCAAUAUGAUCA,stem,vienna_calibrated,3,4.0,2.0,18.0,Tabu,ok,0.0,1200.0,0.014645814895629883,0.0,BruteForce,0.0,,..............,..............,0.0,0.0,0.0,0.0,1.0,1.0,1.0,0.0,0.0
L14_s14000,14,CCGCAAUAUGAUCA,stem,vienna_calibrated,3,4.0,2.0,18.0,Blind,ok,0.0,1200.0,0.20945382118225098,0.0,BruteForce,0.0,,..............,..............,0.0,0.0,0.0,0.0,1.0,1.0,1.0,0.0,0.0
L18_s18000,18,AUAGACGCGCAUACCUGA,stem,vienna_calibrated,8,4.0,2.0,18.0,GQE,ok,0.0,1200.0,14.691006422042847,0.0,BruteForce,0.0,"{'n_1q': 6, 'n_2q': 7, 'n_total': 13}",..................,..................,0.0,0.0,0.0,0.0,1.0,1.0,1.0,0.0,0.0
L18_s18000,18,AUAGACGCGCAUACCUGA,stem,vienna_calibrated,8,4.0,2.0,18.0,PCE-direct,ok,0.0,150.0,5.592654466629028,0.0,BruteForce,0.0,"{'n_1q': 24, 'n_2q': 27, 'n_total': 51, 'depth': 6, 'n_params': 51}",..................,..................,0.0,0.0,0.0,0.0,1.0,1.0,1.0,0.0,0.0
L18_s18000,18,AUAGACGCGCAUACCUGA,stem,vienna_calibrated,8,4.0,2.0,18.0,SimAnneal,ok,0.0,1200.0,0.07407546043395996,0.0,BruteForce,0.0,,..................,..................,0.0,0.0,0.0,0.0,1.0,1.0,1.0,0.0,0.0
L18_s18000,18,AUAGACGCGCAUACCUGA,stem,vienna_calibrated,8,4.0,2.0,18.0,Tabu,ok,0.0,1200.0,0.021419286727905273,0.0,BruteForce,0.0,,..................,..................,0.0,0.0,0.0,0.0,1.0,1.0,1.0,0.0,0.0
L18_s18000,18,AUAGACGCGCAUACCUGA,stem,vienna_calibrated,8,4.0,2.0,18.0,Blind,ok,0.0,1200.0,1.442504644393921,0.0,BruteForce,0.0,,..................,..................,0.0,0.0,0.0,0.0,1.0,1.0,1.0,0.0,0.0
L22_s22000,22,CAUGCUGUGUACAAACGCUCGU,stem,vienna_calibrated,35,6.0,2.0,45.0,GQE,ok,-0.800000011920929,1200.0,70.10528826713562,-2.200000047683716,MIP(optimal),1.4000000357627869,"{'n_1q': 2, 'n_2q': 17, 'n_total': 19}",......(((......)))....,......((((....))))....,-0.800000011920929,-2.200000047683716,1.4000000357627869,1.0,0.8571428571428571,1.0,0.75,3.0,4.0
L22_s22000,22,CAUGCUGUGUACAAACGCUCGU,stem,vienna_calibrated,35,6.0,2.0,45.0,PCE-direct,ok,-0.800000011920929,150.0,19.07543444633484,-2.200000047683716,MIP(optimal),1.4000000357627869,"{'n_1q': 54, 'n_2q': 69, 'n_total': 123, 'depth': 9, 'n_params': 123}",......(((......)))....,......((((....))))....,-0.800000011920929,-2.200000047683716,1.4000000357627869,1.0,0.8571428571428571,1.0,0.75,3.0,4.0
L22_s22000,22,CAUGCUGUGUACAAACGCUCGU,stem,vienna_calibrated,35,6.0,2.0,45.0,SimAnneal,ok,-2.200000047683716,1200.0,0.1165919303894043,-2.200000047683716,MIP(optimal),0.0,,......((((....))))....,......((((....))))....,-2.200000047683716,-2.200000047683716,0.0,0.0,1.0,1.0,1.0,4.0,4.0
L22_s22000,22,CAUGCUGUGUACAAACGCUCGU,stem,vienna_calibrated,35,6.0,2.0,45.0,Tabu,ok,1.0999999046325684,1200.0,0.06009054183959961,-2.200000047683716,MIP(optimal),3.299999952316284,,...((.((((....))))..)),......((((....))))....,-1.7000000476837158,-2.200000047683716,0.5,2.0,0.8,0.6666666666666666,1.0,6.0,4.0
L22_s22000,22,CAUGCUGUGUACAAACGCUCGU,stem,vienna_calibrated,35,6.0,2.0,45.0,Blind,ok,-2.200000047683716,1200.0,66.87684869766235,-2.200000047683716,MIP(optimal),0.0,,......((((....))))....,......((((....))))....,-2.200000047683716,-2.200000047683716,0.0,0.0,1.0,1.0,1.0,4.0,4.0
L26_s26000,26,AGGCCUCUAGCCAAUAUCAUGUGAGU,stem,vienna_calibrated,30,5.0,2.0,30.0,GQE,ok,-3.5,1200.0,61.713122844696045,-3.5,MIP(optimal),0.0,"{'n_1q': 4, 'n_2q': 12, 'n_total': 16}",.(((.....)))..............,.(((.....)))..............,-3.5,-3.5,0.0,0.0,1.0,1.0,1.0,3.0,3.0
L26_s26000,26,AGGCCUCUAGCCAAUAUCAUGUGAGU,stem,vienna_calibrated,30,5.0,2.0,30.0,PCE-direct,ok,-3.5,150.0,8.168752193450928,-3.5,MIP(optimal),0.0,"{'n_1q': 40, 'n_2q': 48, 'n_total': 88, 'depth': 8, 'n_params': 88}",.(((.....)))..............,.(((.....)))..............,-3.5,-3.5,0.0,0.0,1.0,1.0,1.0,3.0,3.0
L26_s26000,26,AGGCCUCUAGCCAAUAUCAUGUGAGU,stem,vienna_calibrated,30,5.0,2.0,30.0,SimAnneal,ok,-3.5,1200.0,0.09380364418029785,-3.5,MIP(optimal),0.0,,.(((.....)))..............,.(((.....)))..............,-3.5,-3.5,0.0,0.0,1.0,1.0,1.0,3.0,3.0
L26_s26000,26,AGGCCUCUAGCCAAUAUCAUGUGAGU,stem,vienna_calibrated,30,5.0,2.0,30.0,Tabu,ok,-0.699999988079071,1200.0,0.0611720085144043,-3.5,MIP(optimal),2.800000011920929,,....(((...............))).,.(((.....)))..............,-0.699999988079071,-3.5,2.800000011920929,6.0,0.0,0.0,0.0,3.0,3.0
L26_s26000,26,AGGCCUCUAGCCAAUAUCAUGUGAGU,stem,vienna_calibrated,30,5.0,2.0,30.0,Blind,ok,-3.5,1200.0,36.808388233184814,-3.5,MIP(optimal),0.0,,.(((.....)))..............,.(((.....)))..............,-3.5,-3.5,0.0,0.0,1.0,1.0,1.0,3.0,3.0
L30_s30000,30,UCAUAUCUGUCACGGGCCUCCUAGACACCA,stem,vienna_calibrated,41,6.0,2.0,45.0,GQE,ok,-2.3000000715255737,1200.0,55.82086658477783,-2.3000000715255737,MIP(optimal),0.0,"{'n_1q': 2, 'n_2q': 17, 'n_total': 19}",.......((((..((....))..))))...,.......((((..((....))..))))...,-4.800000190734863,-4.800000190734863,0.0,0.0,1.0,1.0,1.0,6.0,6.0
L30_s30000,30,UCAUAUCUGUCACGGGCCUCCUAGACACCA,stem,vienna_calibrated,41,6.0,2.0,45.0,PCE-direct,ok,-2.3000000715255737,150.0,8.5580735206604,-2.3000000715255737,MIP(optimal),0.0,"{'n_1q': 54, 'n_2q': 69, 'n_total': 123, 'depth': 9, 'n_params': 123}",.......((((..((....))..))))...,.......((((..((....))..))))...,-4.800000190734863,-4.800000190734863,0.0,0.0,1.0,1.0,1.0,6.0,6.0
L30_s30000,30,UCAUAUCUGUCACGGGCCUCCUAGACACCA,stem,vienna_calibrated,41,6.0,2.0,45.0,SimAnneal,ok,-2.3000000715255737,1200.0,0.03943371772766113,-2.3000000715255737,MIP(optimal),0.0,,.......((((..((....))..))))...,.......((((..((....))..))))...,-4.800000190734863,-4.800000190734863,0.0,0.0,1.0,1.0,1.0,6.0,6.0
L30_s30000,30,UCAUAUCUGUCACGGGCCUCCUAGACACCA,stem,vienna_calibrated,41,6.0,2.0,45.0,Tabu,ok,-1.199999988079071,1200.0,0.02370619773864746,-2.3000000715255737,MIP(optimal),1.1000000834465027,,........(((..(((...))).)))....,.......((((..((....))..))))...,-3.0999999046325684,-4.800000190734863,1.700000286102295,6.0,0.5,0.5,0.5,6.0,6.0
L30_s30000,30,UCAUAUCUGUCACGGGCCUCCUAGACACCA,stem,vienna_calibrated,41,6.0,2.0,45.0,Blind,ok,-2.3000000715255737,1200.0,39.5512855052948,-2.3000000715255737,MIP(optimal),0.0,,.......((((..((....))..))))...,.......((((..((....))..))))...,-4.800000190734863,-4.800000190734863,0.0,0.0,1.0,1.0,1.0,6.0,6.0
L36_s36000,36,CCGCGGUCCAUACCCCGAGAGCUCGUCCGCGCUGGU,stem,vienna_calibrated,93,7.0,3.0,105.0,GQE,ok,-1.400000013411045,1200.0,98.76862359046936,-7.299999892711639,MIP(optimal),5.899999879300594,"{'n_1q': 8, 'n_2q': 14, 'n_total': 22}",.(((((......)).(((....)))...))).....,.(((((.(................).))))).....,-2.200000047683716,-6.900000095367432,4.700000047683716,8.0,0.42857142857142855,0.375,0.5,8.0,6.0
L36_s36000,36,CCGCGGUCCAUACCCCGAGAGCUCGUCCGCGCUGGU,stem,vienna_calibrated,93,7.0,3.0,105.0,PCE-direct,ok,-1.400000013411045,150.0,21.59061861038208,-7.299999892711639,MIP(optimal),5.899999879300594,"{'n_1q': 70, 'n_2q': 90, 'n_total': 160, 'depth': 10, 'n_params': 160}",.(((((......)).(((....)))...))).....,.(((((.(................).))))).....,-2.200000047683716,-6.900000095367432,4.700000047683716,8.0,0.42857142857142855,0.375,0.5,8.0,6.0
L36_s36000,36,CCGCGGUCCAUACCCCGAGAGCUCGUCCGCGCUGGU,stem,vienna_calibrated,93,7.0,3.0,105.0,SimAnneal,ok,-2.300000011920929,1200.0,0.09425163269042969,-7.299999892711639,MIP(optimal),4.9999998807907104,,.((((((....))).(((....)))...))).....,.(((((.(................).))))).....,-3.0999999046325684,-6.900000095367432,3.8000001907348633,9.0,0.4,0.3333333333333333,0.5,9.0,6.0
L36_s36000,36,CCGCGGUCCAUACCCCGAGAGCUCGUCCGCGCUGGU,stem,vienna_calibrated,93,7.0,3.0,105.0,Tabu,ok,34.39999920129776,1200.0,0.05026817321777344,-7.299999892711639,MIP(optimal),41.6999990940094,,...(((.........(((....))).))).......,.(((((.(................).))))).....,-1.0,-6.900000095367432,5.900000095367432,6.0,0.5,0.5,0.5,6.0,6.0
L36_s36000,36,CCGCGGUCCAUACCCCGAGAGCUCGUCCGCGCUGGU,stem,vienna_calibrated,93,7.0,3.0,105.0,Blind,ok,-1.400000013411045,1200.0,78.21182823181152,-7.299999892711639,MIP(optimal),5.899999879300594,,.(((((......)).(((....)))...))).....,.(((((.(................).))))).....,-2.200000047683716,-6.900000095367432,4.700000047683716,8.0,0.42857142857142855,0.375,0.5,8.0,6.0
L44_s44000,44,,stem,vienna_calibrated,238,,,,N/A,"exceeds_qubit_budget: m=238 exceeds PCE capacity up to n=8, k=4 (max capacity 210)",,,,,,,,,,,,,,,,,,
